Data,ABEV3,ASAI3,EMBJ3,MGLU3,VALE3
2016-12-30,,,,,
2017-01-02,16.31,,16.0,101.71,25.06
2017-01-03,16.64,,16.36,101.4,26.17
2017-01-04,16.51,,16.17,96.0,25.7
2017-01-05,16.6,,16.5,99.3,26.68
2017-01-06,16.46,,16.58,98.66,25.97
2017-01-09,16.53,,16.62,94.17,26.5
2017-01-10,16.34,,16.45,96.41,28.54
2017-01-11,16.41,,16.75,97.5,29.13
2017-01-12,16.93,,16.49,104.0,30.07
2017-01-13,17.11,,16.8,106.0,30.99
2017-01-16,17.05,,17.1,103.91,31.82
2017-01-17,17.2,,17.49,106.0,30.57
2017-01-18,17.26,,17.6,106.55,32.11
2017-01-19,17.3,,17.65,107.4,31.47
2017-01-20,17.35,,18.0,119.9,32.1
2017-01-23,17.34,,18.21,125.0,33.31
2017-01-24,17.3,,18.68,130.44,34.13
2017-01-25,,,,,
2017-01-26,17.31,,18.39,127.52,33.6
2017-01-27,17.32,,18.28,124.29,33.7
2017-01-30,16.97,,17.71,116.6,32.25
2017-01-31,17.2,,18.0,127.99,32.18
2017-02-01,17.32,,18.23,127.0,32.89
2017-02-02,17.16,,17.84,127.0,32.66
2017-02-03,17.35,,17.96,127.0,30.61
2017-02-06,17.07,,17.77,138.99,29.92
2017-02-07,17.02,,18.01,140.0,30.24
2017-02-08,16.96,,17.47,137.0,30.59
2017-02-09,16.89,,17.78,137.0,31.08
2017-02-10,17.14,,18.12,138.28,32.8
2017-02-13,17.25,,18.35,152.0,35.81
2017-02-14,17.38,,18.31,149.5,34.4
2017-02-15,18.02,,18.34,154.0,33.82
2017-02-16,17.97,,18.1,156.0,33.77
2017-02-17,17.9,,18.17,163.55,34.07
2017-02-20,17.84,,18.54,176.0,36.43
2017-02-21,18.07,,18.46,191.5,35.54
2017-02-22,18.28,,18.28,193.67,34.69
2017-02-23,18.13,,17.81,205.08,33.17
2017-02-24,17.84,,17.93,208.11,32.72
2017-02-27,,,,,
2017-02-28,,,,,
2017-03-01,17.91,,18.04,215.0,33.17
2017-03-02,17.21,,17.8,198.0,31.46
2017-03-03,17.39,,18.32,195.01,31.82
2017-03-06,17.25,,18.19,195.02,31.1
2017-03-07,16.82,,18.34,185.1,30.92
2017-03-08,17.12,,18.79,176.0,30.12
2017-03-09,17.3,,19.18,185.49,30.18
2017-03-10,17.3,,18.77,171.0,29.65
2017-03-13,17.36,,18.9,170.06,31.01
2017-03-14,17.1,,18.57,173.0,31.17
2017-03-15,17.3,,18.37,175.69,33.32
2017-03-16,17.28,,18.66,195.95,32.53
2017-03-17,17.21,,18.5,183.9,31.3
2017-03-20,17.64,,18.9,195.51,31.63
2017-03-21,17.42,,17.75,184.0,29.04
2017-03-22,17.31,,17.69,182.36,29.4
2017-03-23,17.44,,17.88,189.0,29.24
2017-03-24,17.63,,17.76,182.1,29.0
2017-03-27,17.79,,17.6,181.5,29.39
2017-03-28,17.94,,17.75,176.65,29.81
2017-03-29,18.18,,17.58,180.35,30.11
2017-03-30,18.27,,17.49,181.0,30.1
2017-03-31,18.24,,17.39,177.1,29.79
2017-04-03,18.0,,17.01,182.99,29.51
2017-04-04,18.11,,17.14,183.79,30.65
2017-04-05,17.88,,16.85,186.83,29.45
2017-04-06,17.98,,17.3,188.0,28.91
2017-04-07,18.05,,17.35,187.55,29.15
2017-04-10,18.0,,17.01,185.0,29.03
2017-04-11,17.62,,16.83,187.31,28.66
2017-04-12,17.67,,16.66,179.47,27.42
2017-04-13,17.76,,15.8,172.01,27.42
2017-04-14,,,,,
2017-04-17,18.06,,16.12,189.75,27.43
2017-04-18,18.16,,15.83,196.89,26.61
2017-04-19,18.1,,15.7,206.0,26.67
2017-04-20,17.98,,15.69,214.2,28.05
2017-04-21,,,,,
2017-04-24,18.03,,15.63,210.0,27.45
2017-04-25,18.32,,15.37,209.5,28.35
2017-04-26,18.21,,15.33,211.14,27.73
2017-04-27,18.2,,15.16,221.98,26.83
2017-04-28,18.26,,15.36,222.79,27.47
2017-05-01,,,,,
2017-05-02,18.57,,14.76,228.98,28.06
2017-05-03,18.56,,15.29,230.0,26.32
2017-05-04,19.03,,15.15,227.0,25.35
2017-05-05,18.9,,15.08,259.0,26.05
2017-05-08,18.89,,15.1,263.0,26.03
2017-05-09,18.95,,15.43,271.22,26.5
2017-05-10,19.19,,15.73,280.0,26.56
2017-05-11,19.53,,15.79,263.5,26.32
2017-05-12,19.69,,15.81,265.0,25.91
2017-05-15,19.74,,15.97,272.5,26.65
2017-05-16,19.82,,15.79,282.0,27.26
2017-05-17,19.64,,15.0,280.54,26.84
2017-05-18,18.8,,15.4,235.0,26.86
2017-05-19,18.62,,15.15,248.5,27.25
2017-05-22,18.57,,16.21,221.88,27.92
2017-05-23,18.89,,15.98,241.89,28.26
2017-05-24,18.86,,16.37,249.68,27.52
2017-05-25,18.92,,16.76,248.73,27.7
2017-05-26,19.03,,16.48,255.0,27.86
2017-05-29,18.88,,16.3,258.5,28.06
2017-05-30,18.79,,16.65,260.0,28.6
2017-05-31,18.71,,16.01,251.0,27.17
2017-06-01,18.55,,15.99,247.62,26.67
2017-06-02,18.57,,16.24,241.5,26.78
2017-06-05,18.91,,16.08,236.99,26.49
2017-06-06,19.07,,15.87,237.0,26.58
2017-06-07,18.84,,16.0,249.49,26.45
2017-06-08,18.53,,15.9,257.21,27.02
2017-06-09,18.11,,15.58,252.0,27.3
2017-06-12,18.08,,15.69,248.31,26.84
2017-06-13,18.39,,15.87,255.67,26.37
2017-06-14,18.18,,15.78,257.0,26.1
2017-06-15,,,,,
2017-06-16,17.78,,15.42,259.0,25.56
2017-06-19,17.87,,16.13,257.0,26.39
2017-06-20,18.07,,15.75,245.87,25.71
2017-06-21,18.13,,15.69,245.0,26.47
2017-06-22,18.2,,15.92,239.0,27.02
2017-06-23,18.24,,15.83,244.69,27.24
2017-06-26,18.27,,15.55,251.0,27.47
2017-06-27,18.29,,15.0,246.0,27.92
2017-06-28,18.3,,15.03,241.0,28.79
2017-06-29,18.25,,15.06,248.48,28.9
2017-06-30,18.31,,15.13,256.0,29.0
2017-07-03,18.28,,15.2,260.0,29.65
2017-07-04,18.24,,15.26,260.0,29.62
2017-07-05,18.22,,15.7,260.0,28.93
2017-07-06,17.78,,15.45,259.4,28.92
2017-07-07,18.02,,15.46,285.49,28.89
2017-07-10,18.31,,15.7,297.82,29.71
2017-07-11,18.52,,15.92,303.99,30.04
2017-07-12,18.65,,15.55,315.0,29.9
2017-07-13,18.68,,15.57,302.0,29.18
2017-07-14,18.75,,15.49,316.0,29.52
2017-07-17,18.84,,15.51,330.04,29.72
2017-07-18,18.75,,15.28,344.0,29.9
2017-07-19,18.82,,15.36,345.1,29.9
2017-07-20,18.78,,15.5,348.38,28.72
2017-07-21,18.81,,15.6,335.1,28.5
2017-07-24,18.82,,15.64,335.0,29.13
2017-07-25,18.88,,15.62,346.41,30.61
2017-07-26,18.83,,15.55,343.75,29.66
2017-07-27,19.11,,15.84,348.02,29.7
2017-07-28,19.1,,15.65,366.63,30.34
2017-07-31,19.15,,15.77,366.88,31.3
2017-08-01,19.24,,15.71,370.35,31.06
2017-08-02,19.4,,15.64,371.88,31.11
2017-08-03,19.26,,15.59,372.44,30.68
2017-08-04,19.26,,16.05,393.0,31.23
2017-08-07,19.35,,16.29,400.0,32.42
2017-08-08,19.39,,16.66,394.38,32.05
2017-08-09,19.42,,16.96,405.47,31.92
2017-08-10,19.4,,16.57,396.57,31.5
2017-08-11,19.52,,16.58,413.97,30.8
2017-08-14,19.71,,16.76,445.66,31.3
2017-08-15,19.78,,16.96,454.26,31.12
2017-08-16,19.81,,17.02,490.0,31.73
2017-08-17,19.79,,16.82,451.0,31.2
2017-08-18,19.76,,16.56,458.0,31.55
2017-08-21,19.74,,16.63,473.0,31.75
2017-08-22,19.75,,17.12,467.97,31.86
2017-08-23,19.84,,17.1,463.09,32.54
2017-08-24,19.8,,17.32,477.1,33.88
2017-08-25,19.85,,17.05,478.77,33.83
2017-08-28,19.85,,17.05,493.99,34.36
2017-08-29,19.9,,17.75,496.0,34.44
2017-08-30,19.88,,17.85,515.0,34.34
2017-08-31,19.86,,17.93,568.0,35.08
2017-09-01,19.76,,17.9,564.14,35.67
2017-09-04,19.73,,17.67,621.79,36.1
2017-09-05,19.82,,17.69,82.0,35.6
2017-09-06,20.13,,18.25,85.41,35.8
2017-09-07,,,,,
2017-09-08,20.1,,18.32,78.92,34.48
2017-09-11,20.26,,18.29,78.3,35.09
2017-09-12,21.01,,18.5,69.02,35.26
2017-09-13,21.18,,18.69,72.3,34.77
2017-09-14,21.19,,18.49,82.0,33.62
2017-09-15,21.46,,18.6,83.19,33.8
2017-09-18,21.2,,18.56,81.25,34.25
2017-09-19,21.4,,18.54,78.85,33.92
2017-09-20,21.48,,18.16,75.5,33.17
2017-09-21,21.36,,18.15,76.13,32.51
2017-09-22,21.52,,18.04,75.05,31.91
2017-09-25,21.5,,18.0,71.8,31.09
2017-09-26,21.18,,18.01,73.99,31.5
2017-09-27,21.1,,18.45,68.31,31.93
2017-09-28,21.06,,18.02,70.75,31.75
2017-09-29,21.04,,17.89,74.21,31.87
2017-10-02,20.7,,18.06,77.88,31.9
2017-10-03,21.42,,18.11,78.99,32.68
2017-10-04,21.2,,17.94,79.5,32.61
2017-10-05,21.23,,17.77,78.4,32.27
2017-10-06,21.07,,17.89,79.7,32.14
2017-10-09,21.07,,17.89,77.79,31.5
2017-10-10,21.56,,18.0,79.62,31.32
2017-10-11,21.63,,17.8,77.0,31.1
2017-10-12,,,,,
2017-10-13,22.13,,17.42,72.7,32.91
2017-10-16,21.92,,16.99,69.3,33.35
2017-10-17,21.75,,16.07,63.8,32.58
2017-10-18,21.78,,16.22,70.72,32.27
2017-10-19,21.83,,16.13,69.99,33.0
2017-10-20,21.53,,16.3,72.45,32.95
2017-10-23,21.3,,16.19,69.2,32.71
2017-10-24,21.32,,16.4,68.8,33.83
2017-10-25,21.19,,16.07,68.82,33.55
2017-10-26,21.04,,16.29,65.68,32.67
2017-10-27,20.91,,15.61,64.0,32.55
2017-10-30,20.96,,15.45,63.25,32.35
2017-10-31,20.9,,15.67,63.75,32.1
2017-11-01,20.74,,15.49,66.99,32.82
2017-11-02,,,,,
2017-11-03,20.6,,16.39,61.53,33.54
2017-11-06,20.54,,16.26,57.0,34.34
2017-11-07,20.2,,16.34,51.57,33.52
2017-11-08,20.27,,16.18,55.12,33.94
2017-11-09,20.22,,15.81,51.72,32.8
2017-11-10,20.21,,15.67,49.06,32.77
2017-11-13,20.22,,15.55,51.14,33.14
2017-11-14,20.2,,15.34,54.92,32.16
2017-11-15,,,,,
2017-11-16,20.42,,15.35,57.0,32.6
2017-11-17,20.54,,15.34,59.3,32.92
2017-11-20,,,,,
2017-11-21,20.81,,15.66,60.6,34.05
2017-11-22,20.83,,15.6,60.33,34.74
2017-11-23,20.71,,15.6,58.71,35.2
2017-11-24,20.62,,15.33,61.45,35.79
2017-11-27,20.74,,15.5,59.59,35.41
2017-11-28,20.78,,15.35,58.77,36.25
2017-11-29,20.56,,15.55,58.2,35.7
2017-11-30,20.56,,15.65,56.82,35.14
2017-12-01,20.45,,15.5,58.21,35.48
2017-12-04,20.58,,15.43,57.7,36.83
2017-12-05,20.55,,15.53,57.5,36.02
2017-12-06,20.71,,15.9,58.31,35.76
2017-12-07,20.72,,16.14,64.46,35.34
2017-12-08,21.02,,16.42,69.96,35.48
2017-12-11,21.15,,16.7,69.76,35.76
2017-12-12,21.5,,16.62,69.72,36.18
2017-12-13,21.05,,16.3,68.8,36.11
2017-12-14,20.97,,16.39,69.2,36.24
2017-12-15,20.9,,16.25,69.41,36.89
2017-12-18,20.91,,16.27,68.79,37.84
2017-12-19,20.59,,16.54,66.92,37.85
2017-12-20,20.7,,16.49,69.62,39.15
2017-12-21,20.97,,20.2,72.21,39.73
2017-12-22,21.03,,19.91,72.86,39.79
2017-12-25,,,,,
2017-12-26,21.25,,21.06,75.49,39.85
2017-12-27,21.4,,20.3,77.3,39.86
2017-12-28,21.28,,20.0,80.22,40.26
2017-12-29,,,,,
2018-01-01,,,,,
2018-01-02,21.69,,20.52,79.3,41.72
2018-01-03,21.74,,21.3,78.3,41.47
2018-01-04,21.62,,21.8,80.18,41.64
2018-01-05,21.7,,20.65,78.6,42.29
2018-01-08,21.66,,20.7,78.61,43.23
2018-01-09,21.6,,20.23,76.72,43.07
2018-01-10,21.6,,20.29,77.5,42.47
2018-01-11,21.85,,20.5,77.64,43.3
2018-01-12,21.6,,20.25,77.56,43.55
2018-01-15,21.82,,20.1,78.9,43.47
2018-01-16,21.9,,19.93,78.7,42.3
2018-01-17,22.03,,19.9,78.78,43.15
2018-01-18,21.92,,19.57,77.49,42.86
2018-01-19,22.0,,19.68,76.75,42.88
2018-01-22,21.9,,19.59,77.0,42.65
2018-01-23,21.9,,19.4,74.9,40.87
2018-01-24,21.89,,19.8,80.99,41.78
2018-01-25,,,,,
2018-01-26,21.88,,19.79,82.8,41.43
2018-01-29,21.84,,20.05,84.6,41.89
2018-01-30,21.87,,20.25,84.66,41.47
2018-01-31,21.95,,20.02,84.56,41.45
2018-02-01,22.23,,20.4,85.86,41.79
2018-02-02,22.01,,21.3,83.86,40.8
2018-02-05,21.68,,20.92,80.63,40.35
2018-02-06,21.62,,22.0,81.64,42.47
2018-02-07,21.62,,21.69,79.0,41.71
2018-02-08,21.66,,21.6,76.0,41.59
2018-02-09,21.49,,21.44,73.89,42.0
2018-02-12,,,,,
2018-02-13,,,,,
2018-02-14,22.24,,21.75,74.7,44.51
2018-02-15,22.3,,21.89,79.21,45.95
2018-02-16,22.43,,22.13,78.61,46.03
2018-02-19,22.34,,22.6,82.26,46.45
2018-02-20,22.71,,22.47,82.99,45.51
2018-02-21,22.4,,22.37,79.54,44.8
2018-02-22,22.42,,22.39,81.42,45.67
2018-02-23,21.97,,22.6,86.99,46.08
2018-02-26,22.15,,22.62,94.32,47.4
2018-02-27,22.22,,22.84,91.5,47.33
2018-02-28,22.0,,21.76,91.05,45.05
2018-03-01,22.34,,21.6,92.18,44.45
2018-03-02,22.58,,21.5,92.84,43.75
2018-03-05,22.52,,21.62,90.4,43.7
2018-03-06,22.77,,21.03,89.18,43.49
2018-03-07,23.07,,21.43,90.03,42.85
2018-03-08,23.3,,20.75,88.24,41.46
2018-03-09,23.44,,22.2,90.7,42.1
2018-03-12,23.98,,21.97,92.58,42.46
2018-03-13,23.96,,21.72,91.55,42.13
2018-03-14,24.27,,21.12,89.7,42.6
2018-03-15,23.88,,20.82,91.0,42.4
2018-03-16,23.61,,20.78,92.7,42.3
2018-03-19,23.79,,20.59,90.7,41.1
2018-03-20,23.69,,20.44,90.0,41.6
2018-03-21,23.89,,21.5,93.0,42.5
2018-03-22,24.01,,21.25,95.39,41.93
2018-03-23,23.92,,21.21,94.8,41.6
2018-03-26,24.0,,21.4,100.0,42.0
2018-03-27,23.84,,21.46,96.7,40.86
2018-03-28,23.82,,21.4,97.0,41.54
2018-03-29,24.07,,21.55,97.91,42.21
2018-03-30,,,,,
2018-04-02,23.85,,21.3,97.92,43.0
2018-04-03,24.2,,21.6,97.0,42.87
2018-04-04,24.19,,21.28,96.5,42.55
2018-04-05,24.03,,21.77,98.69,43.25
2018-04-06,23.25,,21.65,98.1,42.74
2018-04-09,23.29,,20.99,96.63,42.95
2018-04-10,23.8,,22.4,94.9,44.84
2018-04-11,23.85,,23.29,96.87,44.64
2018-04-12,23.29,,23.02,99.51,44.81
2018-04-13,23.26,,23.07,98.25,44.98
2018-04-16,22.98,,22.7,96.17,44.54
2018-04-17,23.11,,23.0,97.0,45.93
2018-04-18,23.35,,22.8,95.7,47.48
2018-04-19,23.5,,22.77,94.38,47.83
2018-04-20,23.43,,23.5,96.91,47.63
2018-04-23,23.45,,23.7,99.87,47.5
2018-04-24,23.31,,23.46,101.11,48.31
2018-04-25,23.17,,23.1,101.44,47.95
2018-04-26,23.31,,23.18,104.5,48.7
2018-04-27,23.18,,22.58,105.3,48.35
2018-04-30,23.33,,22.14,106.71,48.67
2018-05-01,,,,,
2018-05-02,22.67,,22.04,102.5,48.71
2018-05-03,22.6,,22.12,97.2,49.09
2018-05-04,22.5,,21.98,97.7,49.7
2018-05-07,22.34,,22.02,96.85,49.24
2018-05-08,22.44,,22.29,110.99,49.19
2018-05-09,21.91,,23.08,112.63,50.25
2018-05-10,21.8,,22.47,109.5,51.4
2018-05-11,21.85,,22.36,108.65,52.63
2018-05-14,21.71,,22.16,108.15,54.27
2018-05-15,21.46,,23.1,106.47,54.65
2018-05-16,21.51,,23.3,112.21,55.9
2018-05-17,21.09,,22.75,109.35,55.38
2018-05-18,20.63,,22.86,105.09,54.77
2018-05-21,20.3,,22.62,109.53,53.0
2018-05-22,20.15,,22.62,114.0,52.34
2018-05-23,20.05,,22.95,111.88,51.94
2018-05-24,20.33,,23.2,112.99,52.46
2018-05-25,20.16,,23.4,112.0,51.48
2018-05-28,19.76,,22.35,105.0,51.07
2018-05-29,19.59,,22.07,104.49,50.16
2018-05-30,19.69,,22.49,108.42,50.63
2018-05-31,,,,,
2018-06-01,19.94,,22.79,115.47,52.76
2018-06-04,20.04,,22.46,124.34,52.52
2018-06-05,19.76,,22.05,121.02,53.73
2018-06-06,19.53,,23.2,114.33,56.07
2018-06-07,19.08,,23.65,106.4,54.37
2018-06-08,18.96,,22.63,105.49,50.89
2018-06-11,18.99,,23.35,106.22,50.85
2018-06-12,18.88,,24.78,110.0,51.7
2018-06-13,18.71,,24.78,112.41,51.55
2018-06-14,18.93,,24.8,119.4,51.71
2018-06-15,18.72,,24.06,119.82,49.13
2018-06-18,18.54,,24.35,117.78,49.21
2018-06-19,18.8,,23.85,123.66,48.3
2018-06-20,18.54,,24.43,121.69,48.81
2018-06-21,18.13,,24.12,121.61,47.21
2018-06-22,18.16,,24.3,122.81,48.01
2018-06-25,18.22,,23.99,122.75,47.16
2018-06-26,18.09,,23.91,123.74,48.34
2018-06-27,17.95,,23.8,121.53,48.15
2018-06-28,18.01,,24.64,123.55,49.07
2018-06-29,17.98,,24.26,127.99,49.59
2018-07-02,18.14,,24.72,125.43,48.76
2018-07-03,18.09,,25.98,124.53,47.96
2018-07-04,18.1,,26.95,124.35,48.03
2018-07-05,18.4,,23.1,120.0,49.7
2018-07-06,18.09,,22.67,121.7,50.34
2018-07-09,,,,,
2018-07-10,18.19,,22.56,118.05,49.53
2018-07-11,17.91,,21.58,114.51,48.86
2018-07-12,18.24,,21.66,123.37,50.45
2018-07-13,18.44,,20.66,125.64,50.31
2018-07-16,18.95,,21.0,127.74,50.0
2018-07-17,19.17,,21.57,132.0,50.7
2018-07-18,18.76,,21.3,126.95,51.45
2018-07-19,18.88,,21.03,128.97,49.43
2018-07-20,18.79,,20.65,130.97,48.72
2018-07-23,18.65,,20.3,129.82,49.6
2018-07-24,18.97,,20.1,133.76,51.31
2018-07-25,18.9,,19.91,133.0,51.75
2018-07-26,19.89,,19.65,131.55,52.78
2018-07-27,19.81,,19.44,129.8,53.45
2018-07-30,19.7,,19.18,130.0,54.33
2018-07-31,19.41,,19.25,132.26,54.84
2018-08-01,19.45,,19.25,134.26,53.06
2018-08-02,19.29,,18.81,136.85,52.84
2018-08-03,19.3,,18.8,136.96,52.55
2018-08-06,19.3,,18.63,138.0,52.4
2018-08-07,19.17,,18.92,145.9,52.75
2018-08-08,19.16,,18.27,140.03,52.4
2018-08-09,19.27,,18.46,146.99,51.84
2018-08-10,18.91,,18.37,139.03,51.71
2018-08-13,19.14,,18.25,141.0,52.28
2018-08-14,19.41,,18.47,141.84,52.76
2018-08-15,19.42,,18.3,138.67,50.41
2018-08-16,19.01,,19.0,136.3,49.72
2018-08-17,19.18,,19.42,133.65,50.8
2018-08-20,19.15,,19.55,138.37,51.44
2018-08-21,18.98,,19.67,132.44,51.73
2018-08-22,18.9,,19.9,134.24,53.3
2018-08-23,18.94,,19.53,132.77,53.35
2018-08-24,19.07,,19.6,132.0,54.15
2018-08-27,19.13,,19.95,131.42,55.67
2018-08-28,19.1,,20.03,129.34,55.65
2018-08-29,19.25,,19.9,132.11,55.22
2018-08-30,19.0,,19.6,127.6,54.57
2018-08-31,18.85,,19.6,130.25,53.62
2018-09-03,18.63,,19.39,126.46,54.05
2018-09-04,18.01,,19.83,118.0,52.0
2018-09-05,18.14,,19.63,121.83,52.15
2018-09-06,18.32,,19.71,125.2,53.48
2018-09-07,,,,,
2018-09-10,18.29,,19.93,121.86,53.22
2018-09-11,18.19,,20.05,119.1,52.59
2018-09-12,18.45,,19.39,119.4,53.45
2018-09-13,18.33,,19.18,115.43,53.78
2018-09-14,18.23,,19.15,116.0,55.2
2018-09-17,18.36,,19.23,118.89,55.04
2018-09-18,18.79,,19.64,124.43,57.34
2018-09-19,18.79,,19.57,119.01,58.58
2018-09-20,18.75,,19.1,118.49,59.32
2018-09-21,18.85,,19.1,124.0,61.01
2018-09-24,18.39,,19.02,121.39,60.2
2018-09-25,18.4,,19.24,123.14,62.2
2018-09-26,18.7,,19.55,122.15,60.01
2018-09-27,18.48,,19.89,124.17,59.48
2018-09-28,18.34,,19.83,122.49,59.82
2018-10-01,18.43,,19.23,122.63,60.4
2018-10-02,18.25,,19.87,130.4,61.2
2018-10-03,18.13,,20.35,139.34,59.95
2018-10-04,17.87,,19.87,139.5,58.8
2018-10-05,17.65,,19.18,142.0,57.49
2018-10-08,18.0,,19.2,148.54,57.05
2018-10-09,17.48,,18.7,150.2,57.66
2018-10-10,17.2,,18.96,143.65,55.89
2018-10-11,16.99,,18.45,150.7,56.48
2018-10-12,,,,,
2018-10-15,16.93,,18.21,150.0,57.67
2018-10-16,17.41,,18.89,159.2,57.7
2018-10-17,17.05,,18.86,161.75,58.8
2018-10-18,16.65,,18.83,160.88,56.5
2018-10-19,16.86,,18.76,169.0,56.53
2018-10-22,16.82,,18.59,167.1,58.37
2018-10-23,16.63,,18.51,169.06,56.75
2018-10-24,15.89,,17.98,168.0,54.43
2018-10-25,15.0,,18.69,168.22,54.61
2018-10-26,15.19,,19.64,166.8,55.6
2018-10-29,15.43,,19.38,166.45,53.1
2018-10-30,16.05,,20.31,169.27,53.87
2018-10-31,16.34,,20.93,168.8,56.71
2018-11-01,16.37,,21.27,169.93,57.5
2018-11-02,,,,,
2018-11-05,16.46,,21.79,172.96,57.53
2018-11-06,16.64,,21.78,158.5,57.23
2018-11-07,16.35,,21.6,150.9,57.59
2018-11-08,15.71,,20.55,147.57,57.02
2018-11-09,16.08,,20.38,146.4,54.65
2018-11-12,15.95,,20.38,153.54,54.85
2018-11-13,15.76,,20.4,153.41,56.27
2018-11-14,16.03,,20.57,155.5,55.16
2018-11-15,,,,,
2018-11-16,16.5,,20.61,156.5,56.15
2018-11-19,16.46,,20.2,156.15,55.37
2018-11-20,,,,,
2018-11-21,16.38,,20.83,155.24,54.53
2018-11-22,16.5,,21.21,160.0,54.04
2018-11-23,16.2,,20.87,162.35,50.35
2018-11-26,16.15,,21.24,158.17,50.12
2018-11-27,16.54,,21.48,168.77,49.92
2018-11-28,16.69,,21.74,170.05,52.3
2018-11-29,16.64,,21.75,171.24,52.0
2018-11-30,16.92,,21.8,164.63,52.8
2018-12-03,16.74,,21.8,162.13,54.11
2018-12-04,16.65,,21.39,164.8,52.88
2018-12-05,16.54,,21.5,164.91,52.8
2018-12-06,16.39,,21.0,165.33,52.3
2018-12-07,16.11,,20.47,164.35,51.29
2018-12-10,15.89,,20.88,160.53,50.2
2018-12-11,15.95,,21.03,164.39,50.6
2018-12-12,15.95,,21.02,168.0,50.37
2018-12-13,16.32,,20.8,167.5,50.6
2018-12-14,16.06,,20.73,170.6,50.88
2018-12-17,16.1,,21.25,170.07,51.25
2018-12-18,15.88,,21.45,175.9,51.44
2018-12-19,15.4,,20.8,177.01,50.01
2018-12-20,15.21,,20.35,177.94,49.81
2018-12-21,15.17,,21.47,182.76,50.86
2018-12-24,,,,,
2018-12-25,,,,,
2018-12-26,15.14,,21.47,176.76,50.44
2018-12-27,15.1,,21.05,174.0,49.5
2018-12-28,15.38,,21.68,181.07,51.0
2018-12-31,,,,,
2019-01-01,,,,,
2019-01-02,16.15,,21.54,185.99,51.09
2019-01-03,16.33,,21.9,184.0,49.0
2019-01-04,16.55,,20.8,178.4,52.19
2019-01-07,16.48,,21.23,181.17,51.91
2019-01-08,16.15,,21.36,179.71,52.41
2019-01-09,16.38,,21.28,179.11,53.69
2019-01-10,16.85,,20.99,180.85,53.1
2019-01-11,17.29,,21.53,177.6,52.38
2019-01-14,17.54,,21.62,179.0,52.6
2019-01-15,17.7,,21.76,176.97,52.35
2019-01-16,17.8,,21.5,175.0,52.65
2019-01-17,17.85,,20.47,174.48,54.23
2019-01-18,18.0,,19.85,174.2,54.76
2019-01-21,18.0,,20.14,167.0,55.28
2019-01-22,17.54,,19.48,162.05,55.08
2019-01-23,17.18,,19.46,169.6,55.65
2019-01-24,17.16,,19.67,167.48,56.15
2019-01-25,,,,,
2019-01-28,17.95,,19.26,167.38,42.38
2019-01-29,17.87,,19.16,178.1,42.74
2019-01-30,17.97,,19.42,176.15,46.6
2019-01-31,17.51,,19.34,179.07,45.5
2019-02-01,18.11,,19.27,178.8,46.25
2019-02-04,18.45,,19.43,177.07,44.68
2019-02-05,18.64,,19.63,175.5,44.64
2019-02-06,18.09,,18.99,169.7,42.46
2019-02-07,18.75,,18.4,166.8,41.59
2019-02-08,18.22,,18.94,170.0,43.16
2019-02-11,18.71,,18.67,165.33,42.02
2019-02-12,18.67,,18.63,164.8,44.3
2019-02-13,18.39,,18.77,161.3,45.49
2019-02-14,18.59,,19.3,170.69,45.66
2019-02-15,18.49,,19.33,163.97,45.88
2019-02-18,18.19,,18.89,168.54,45.25
2019-02-19,18.32,,19.28,169.66,45.49
2019-02-20,18.15,,19.1,162.5,45.8
2019-02-21,18.32,,19.49,161.1,45.38
2019-02-22,18.32,,19.51,177.9,46.99
2019-02-25,18.39,,19.4,173.7,47.12
2019-02-26,18.49,,19.7,178.5,47.2
2019-02-27,18.36,,19.35,176.0,46.83
2019-02-28,17.23,,19.08,173.46,47.1
2019-03-01,16.83,,18.96,175.22,46.74
2019-03-04,,,,,
2019-03-05,,,,,
2019-03-06,16.37,,19.17,171.61,48.05
2019-03-07,16.69,,19.11,177.15,48.86
2019-03-08,16.59,,19.29,180.82,48.85
2019-03-11,17.11,,19.22,182.57,49.88
2019-03-12,17.0,,18.85,178.85,49.97
2019-03-13,16.9,,18.82,177.28,50.7
2019-03-14,16.66,,18.79,176.5,50.71
2019-03-15,16.76,,19.75,177.19,50.55
2019-03-18,17.31,,19.74,180.42,50.46
2019-03-19,17.19,,19.46,180.7,51.9
2019-03-20,17.0,,19.22,181.63,50.56
2019-03-21,16.98,,19.1,182.25,50.89
2019-03-22,16.72,,18.7,173.3,50.05
2019-03-25,16.52,,18.55,173.11,49.55
2019-03-26,16.99,,18.65,176.59,50.28
2019-03-27,16.54,,18.39,168.0,49.6
2019-03-28,16.75,,18.53,170.79,49.3
2019-03-29,16.83,,18.45,172.85,50.93
2019-04-01,16.82,,18.7,171.29,52.6
2019-04-02,16.77,,18.61,166.15,51.63
2019-04-03,16.84,,18.46,169.07,51.78
2019-04-04,17.32,,18.8,169.0,52.16
2019-04-05,17.44,,19.38,169.99,51.98
2019-04-08,17.35,,19.35,166.74,53.39
2019-04-09,17.69,,18.87,166.31,52.35
2019-04-10,17.55,,18.79,168.7,51.76
2019-04-11,17.25,,18.6,166.0,51.79
2019-04-12,17.06,,18.57,164.83,51.48
2019-04-15,17.42,,18.21,163.5,51.33
2019-04-16,17.53,,18.7,162.7,53.1
2019-04-17,17.05,,19.03,159.82,52.25
2019-04-18,17.08,,19.32,170.8,52.58
2019-04-19,,,,,
2019-04-22,17.5,,19.51,167.2,51.3
2019-04-23,17.67,,19.18,171.0,51.92
2019-04-24,17.72,,19.31,172.46,50.36
2019-04-25,18.31,,19.17,175.0,50.33
2019-04-26,18.29,,19.23,178.95,50.42
2019-04-29,18.35,,19.57,178.51,50.25
2019-04-30,18.47,,19.64,191.26,50.1
2019-05-01,,,,,
2019-05-02,17.95,,19.71,190.74,48.94
2019-05-03,17.92,,19.51,196.25,50.4
2019-05-06,18.06,,19.3,200.21,49.66
2019-05-07,17.65,,19.2,192.15,49.7
2019-05-08,17.92,,19.18,193.5,49.0
2019-05-09,17.49,,19.21,185.9,48.54
2019-05-10,17.3,,19.29,186.5,49.46
2019-05-13,17.01,,18.91,180.02,47.43
2019-05-14,16.94,,18.93,178.25,47.59
2019-05-15,16.61,,18.14,173.0,47.95
2019-05-16,16.64,,17.43,167.0,46.4
2019-05-17,16.49,,18.15,168.82,47.72
2019-05-20,16.49,,18.61,173.0,46.75
2019-05-21,17.09,,18.87,179.41,47.41
2019-05-22,17.21,,19.0,180.25,47.46
2019-05-23,17.21,,18.74,180.45,47.82
2019-05-24,17.06,,18.51,176.85,48.31
2019-05-27,17.22,,18.82,178.0,50.19
2019-05-28,17.31,,19.31,189.0,50.25
2019-05-29,17.26,,19.28,189.27,49.7
2019-05-30,17.43,,19.15,192.89,50.01
2019-05-31,17.55,,18.95,196.0,49.0
2019-06-03,17.42,,18.91,194.74,48.83
2019-06-04,17.35,,18.68,194.52,49.11
2019-06-05,17.41,,18.46,191.19,48.39
2019-06-06,17.64,,18.42,190.01,48.8
2019-06-07,17.61,,18.54,198.45,48.66
2019-06-10,17.65,,18.48,202.5,48.34
2019-06-11,17.72,,18.5,207.19,51.43
2019-06-12,17.68,,18.63,203.12,51.49
2019-06-13,17.85,,19.02,209.61,51.85
2019-06-14,17.64,,18.67,211.57,51.4
2019-06-17,17.8,,18.77,207.5,50.2
2019-06-18,18.05,,18.73,208.1,52.0
2019-06-19,18.2,,18.59,210.0,52.3
2019-06-20,,,,,
2019-06-21,18.45,,19.13,212.65,52.44
2019-06-24,18.3,,19.42,209.98,52.4
2019-06-25,18.17,,18.93,206.51,51.38
2019-06-26,18.1,,19.02,208.45,51.58
2019-06-27,18.05,,18.96,208.65,51.7
2019-06-28,17.89,,19.41,211.12,51.82
2019-07-01,17.81,,19.5,210.2,53.65
2019-07-02,18.13,,19.45,212.46,51.39
2019-07-03,18.87,,19.34,220.85,51.29
2019-07-04,19.0,,19.34,221.1,51.67
2019-07-05,19.0,,19.48,226.08,50.36
2019-07-08,18.94,,19.39,229.4,50.95
2019-07-09,,,,,
2019-07-10,19.02,,19.42,233.5,52.13
2019-07-11,18.69,,19.2,230.77,52.05
2019-07-12,18.2,,19.29,232.05,51.81
2019-07-15,18.25,,19.32,230.65,52.69
2019-07-16,18.1,,19.26,234.0,53.05
2019-07-17,17.99,,19.3,244.39,52.69
2019-07-18,18.25,,19.26,247.0,52.59
2019-07-19,18.09,,19.33,238.05,52.72
2019-07-22,17.99,,19.31,247.35,52.45
2019-07-23,18.03,,19.41,242.0,51.76
2019-07-24,17.96,,19.5,245.81,50.65
2019-07-25,19.49,,19.3,244.48,50.49
2019-07-26,19.8,,19.37,252.0,50.23
2019-07-29,20.5,,19.5,263.8,50.26
2019-07-30,20.34,,19.37,264.55,50.01
2019-07-31,20.13,,19.31,263.72,49.81
2019-08-01,20.42,,19.36,276.5,48.4
2019-08-02,20.49,,19.41,283.55,47.84
2019-08-05,20.16,,19.02,276.0,46.0
2019-08-06,20.48,,19.46,36.6,46.62
2019-08-07,20.63,,19.5,36.31,46.48
2019-08-08,20.17,,19.6,37.14,47.18
2019-08-09,20.07,,19.55,37.78,45.49
2019-08-12,19.48,,19.43,36.42,45.16
2019-08-13,19.38,,19.5,37.85,46.5
2019-08-14,19.01,,18.36,36.95,44.88
2019-08-15,18.78,,18.05,36.31,43.89
2019-08-16,18.9,,18.0,37.56,43.69
2019-08-19,19.11,,17.95,37.83,43.65
2019-08-20,18.94,,18.0,36.53,43.84
2019-08-21,18.8,,18.14,36.54,44.15
2019-08-22,18.47,,18.15,34.43,43.89
2019-08-23,18.33,,17.85,33.78,43.28
2019-08-26,18.09,,17.66,33.7,42.8
2019-08-27,18.17,,17.55,34.21,43.32
2019-08-28,18.15,,17.72,34.91,43.48
2019-08-29,18.55,,18.01,37.26,45.1
2019-08-30,18.72,,17.95,36.29,45.57
2019-09-02,18.38,,17.71,36.61,46.01
2019-09-03,18.52,,17.88,35.88,45.52
2019-09-04,18.8,,18.05,37.2,46.52
2019-09-05,18.69,,18.4,36.7,46.52
2019-09-06,18.72,,18.01,36.0,46.45
2019-09-09,18.87,,18.31,34.2,47.89
2019-09-10,18.82,,18.85,32.5,48.24
2019-09-11,18.91,,18.64,34.6,47.95
2019-09-12,19.37,,19.46,35.0,49.69
2019-09-13,19.1,,19.47,34.1,49.79
2019-09-16,19.15,,19.43,34.87,48.59
2019-09-17,19.43,,19.3,34.85,48.9
2019-09-18,19.26,,19.5,35.06,48.4
2019-09-19,19.35,,19.49,35.81,48.32
2019-09-20,19.39,,19.52,36.56,48.42
2019-09-23,19.41,,19.12,35.99,48.1
2019-09-24,19.35,,18.46,36.77,46.93
2019-09-25,19.6,,18.62,36.72,47.86
2019-09-26,19.53,,18.22,36.57,47.86
2019-09-27,19.45,,18.13,36.8,47.66
2019-09-30,19.25,,17.91,37.04,47.75
2019-10-01,19.31,,17.84,37.45,47.71
2019-10-02,18.86,,17.47,36.5,45.1
2019-10-03,18.58,,17.95,37.3,45.44
2019-10-04,19.21,,17.72,38.78,46.59
2019-10-07,18.87,,17.34,38.4,46.04
2019-10-08,18.6,,17.01,38.0,45.32
2019-10-09,18.67,,17.1,39.65,45.67
2019-10-10,18.42,,17.05,38.94,47.24
2019-10-11,18.58,,17.27,40.5,48.64
2019-10-14,18.72,,17.35,42.17,47.99
2019-10-15,18.89,,17.5,41.8,47.91
2019-10-16,18.89,,17.45,42.76,46.8
2019-10-17,18.77,,17.64,43.17,46.71
2019-10-18,18.67,,17.53,43.0,46.03
2019-10-21,18.99,,17.88,43.1,47.21
2019-10-22,18.77,,17.95,43.72,47.3
2019-10-23,18.68,,17.87,43.49,47.11
2019-10-24,19.19,,17.99,43.25,46.75
2019-10-25,17.6,,17.73,42.0,48.56
2019-10-28,17.54,,17.83,42.67,48.7
2019-10-29,17.58,,17.79,41.15,48.65
2019-10-30,17.56,,17.65,44.02,48.59
2019-10-31,17.38,,17.53,44.64,47.2
2019-11-01,17.33,,17.72,47.19,48.44
2019-11-04,17.57,,18.01,44.97,49.82
2019-11-05,17.71,,18.19,44.04,49.87
2019-11-06,17.52,,18.05,45.2,49.69
2019-11-07,17.56,,18.29,44.2,50.11
2019-11-08,17.3,,18.08,43.81,49.18
2019-11-11,17.54,,17.8,45.02,48.13
2019-11-12,17.37,,17.19,43.4,47.9
2019-11-13,17.37,,17.37,42.5,47.12
2019-11-14,17.45,,17.29,44.25,47.0
2019-11-15,,,,,
2019-11-18,17.56,,17.35,44.98,47.61
2019-11-19,17.67,,17.4,44.52,48.17
2019-11-20,,,,,
2019-11-21,18.07,,17.6,45.0,48.42
2019-11-22,18.19,,18.11,45.49,50.03
2019-11-25,18.2,,18.02,44.3,50.86
2019-11-26,18.03,,17.93,43.04,51.22
2019-11-27,17.96,,17.98,45.6,50.58
2019-11-28,18.01,,17.93,45.6,50.37
2019-11-29,18.05,,18.0,45.03,49.98
2019-12-02,17.97,,18.45,44.92,51.34
2019-12-03,17.87,,18.5,44.59,50.42
2019-12-04,18.3,,18.38,44.07,50.92
2019-12-05,18.15,,18.41,44.89,50.95
2019-12-06,18.45,,18.56,45.4,51.35
2019-12-09,18.44,,18.5,45.85,51.44
2019-12-10,18.37,,18.43,46.6,51.2
2019-12-11,18.45,,18.57,47.58,51.83
2019-12-12,18.7,,18.82,47.83,52.95
2019-12-13,19.01,,19.03,49.07,53.76
2019-12-16,19.08,,18.96,49.3,53.34
2019-12-17,18.91,,19.16,47.88,53.35
2019-12-18,19.09,,19.42,48.53,53.47
2019-12-19,19.17,,19.29,48.62,54.0
2019-12-20,18.91,,19.65,48.59,54.79
2019-12-23,18.96,,19.73,48.74,54.58
2019-12-24,,,,,
2019-12-25,,,,,
2019-12-26,19.22,,19.72,49.09,54.79
2019-12-27,19.16,,19.72,48.73,53.6
2019-12-30,18.67,,19.73,47.7,53.3
2019-12-31,,,,,
2020-01-01,,,,,
2020-01-02,19.2,,20.2,49.33,54.33
2020-01-03,18.93,,20.41,48.89,53.93
2020-01-06,19.02,,20.38,48.93,53.61
2020-01-07,19.06,,20.5,48.79,54.0
2020-01-08,18.97,,20.33,50.29,54.01
2020-01-09,18.82,,20.19,52.08,53.3
2020-01-10,18.89,,20.11,51.8,53.36
2020-01-13,19.21,,20.46,54.23,55.3
2020-01-14,19.1,,20.37,54.0,55.64
2020-01-15,18.76,,20.0,53.66,55.46
2020-01-16,18.7,,19.65,53.46,55.17
2020-01-17,18.7,,19.55,54.35,57.0
2020-01-20,18.8,,19.39,56.0,57.36
2020-01-21,18.74,,18.93,55.91,56.03
2020-01-22,19.05,,19.2,55.69,56.3
2020-01-23,18.65,,18.99,56.58,55.5
2020-01-24,18.99,,18.55,56.15,53.8
2020-01-27,18.55,,18.14,53.8,50.51
2020-01-28,18.8,,18.2,56.99,51.2
2020-01-29,18.3,,18.18,57.29,50.75
2020-01-30,18.34,,18.1,56.5,51.5
2020-01-31,17.85,,18.14,55.8,50.27
2020-02-03,17.59,,18.04,56.53,50.91
2020-02-04,17.65,,18.25,57.66,52.27
2020-02-05,17.25,,18.41,57.3,52.99
2020-02-06,16.87,,18.65,55.83,53.28
2020-02-07,16.92,,18.39,54.23,52.1
2020-02-10,16.73,,18.51,52.38,50.19
2020-02-11,16.8,,18.94,54.27,52.05
2020-02-12,16.65,,19.13,55.94,53.07
2020-02-13,16.27,,19.17,57.05,52.14
2020-02-14,16.41,,18.56,56.33,51.0
2020-02-17,16.6,,18.87,58.85,53.41
2020-02-18,16.18,,18.77,58.22,52.8
2020-02-19,16.13,,19.04,57.86,52.81
2020-02-20,16.17,,19.68,56.54,52.2
2020-02-21,16.25,,19.54,56.45,50.13
2020-02-24,,,,,
2020-02-25,,,,,
2020-02-26,15.82,,17.84,52.88,45.35
2020-02-27,14.5,,17.18,50.25,44.47
2020-02-28,14.54,,16.96,50.52,44.31
2020-03-02,14.72,,17.15,52.55,46.36
2020-03-03,14.74,,16.91,52.85,46.35
2020-03-04,15.31,,17.24,52.45,48.57
2020-03-05,15.23,,16.55,47.79,46.85
2020-03-06,15.32,,15.92,45.33,44.61
2020-03-09,14.67,,14.96,40.36,37.83
2020-03-10,14.42,,15.17,46.99,44.81
2020-03-11,13.75,,14.22,43.08,40.74
2020-03-12,11.58,,10.46,34.0,35.35
2020-03-13,12.7,,11.68,42.0,42.9
2020-03-16,11.03,,10.0,34.07,39.04
2020-03-17,11.69,,10.48,35.57,41.51
2020-03-18,11.19,,9.03,28.81,38.65
2020-03-19,11.7,,9.65,30.55,36.4
2020-03-20,12.05,,8.4,30.65,35.19
2020-03-23,11.51,,7.74,30.21,34.1
2020-03-24,11.29,,9.05,36.68,37.64
2020-03-25,11.65,,10.57,40.0,40.85
2020-03-26,12.8,,10.13,41.12,42.0
2020-03-27,12.49,,8.97,39.0,40.1
2020-03-30,12.55,,9.32,41.6,41.77
2020-03-31,11.92,,9.54,38.99,43.22
2020-04-01,11.69,,9.44,37.48,43.37
2020-04-02,11.99,,9.25,35.89,42.78
2020-04-03,11.39,,8.48,35.54,40.5
2020-04-06,11.86,,8.86,38.2,43.13
2020-04-07,12.41,,8.75,40.09,43.78
2020-04-08,12.31,,9.34,41.96,43.51
2020-04-09,12.1,,9.63,41.65,43.28
2020-04-10,,,,,
2020-04-13,12.1,,9.76,41.91,44.57
2020-04-14,12.09,,9.62,42.9,44.53
2020-04-15,11.91,,9.28,43.85,43.19
2020-04-16,11.45,,9.25,45.57,42.76
2020-04-17,11.6,,9.55,44.59,44.0
2020-04-20,11.61,,9.2,48.48,42.46
2020-04-21,,,,,
2020-04-22,11.62,,8.97,50.55,42.9
2020-04-23,11.55,,9.27,49.47,43.51
2020-04-24,11.11,,8.28,47.38,43.76
2020-04-27,11.61,,7.66,49.5,44.55
2020-04-28,11.7,,8.17,51.8,44.61
2020-04-29,11.67,,8.82,50.62,46.73
2020-04-30,11.34,,8.65,49.7,44.86
2020-05-01,,,,,
2020-05-04,11.76,,7.72,51.44,43.93
2020-05-05,11.94,,7.5,50.2,43.7
2020-05-06,11.83,,7.16,55.15,44.33
2020-05-07,11.54,,7.01,56.79,46.05
2020-05-08,12.04,,7.54,55.54,48.85
2020-05-11,11.94,,7.19,54.95,47.73
2020-05-12,11.72,,6.78,54.8,47.46
2020-05-13,11.26,,6.19,55.1,48.54
2020-05-14,11.74,,6.57,55.5,48.09
2020-05-15,11.64,,6.23,55.13,48.05
2020-05-18,12.1,,6.59,55.75,51.26
2020-05-19,11.94,,6.44,58.58,52.44
2020-05-20,12.14,,6.58,56.9,52.5
2020-05-21,11.88,,6.59,58.29,51.13
2020-05-22,11.74,,6.47,57.65,50.27
2020-05-25,12.27,,6.86,60.4,50.1
2020-05-26,12.53,,6.64,64.48,49.2
2020-05-27,13.38,,7.27,67.36,50.64
2020-05-28,12.82,,6.98,65.25,50.09
2020-05-29,12.48,,7.15,64.35,53.0
2020-06-01,12.6,,7.41,63.7,53.42
2020-06-02,12.97,,8.24,61.8,53.42
2020-06-03,13.25,,8.52,62.38,53.66
2020-06-04,13.38,,8.93,60.49,55.66
2020-06-05,14.05,,9.04,59.45,54.61
2020-06-08,14.6,,10.7,62.38,54.78
2020-06-09,14.32,,10.31,62.38,54.99
2020-06-10,13.96,,9.33,64.6,54.2
2020-06-11,,,,,
2020-06-12,13.57,,8.82,63.95,53.4
2020-06-15,13.43,,8.58,65.85,53.88
2020-06-16,13.26,,9.05,66.0,55.39
2020-06-17,13.77,,8.95,67.19,56.2
2020-06-18,13.68,,8.87,69.7,56.17
2020-06-19,13.84,,8.76,71.4,55.17
2020-06-22,14.11,,8.45,70.9,55.0
2020-06-23,13.93,,8.52,70.25,55.59
2020-06-24,13.68,,8.09,69.8,55.39
2020-06-25,14.18,,8.15,69.69,56.0
2020-06-26,13.95,,7.83,69.35,55.62
2020-06-29,14.26,,8.42,70.41,55.63
2020-06-30,14.14,,8.09,71.65,55.92
2020-07-01,14.36,,8.1,72.3,54.54
2020-07-02,14.17,,8.17,70.1,55.49
2020-07-03,14.14,,8.19,72.0,55.26
2020-07-06,14.36,,8.47,71.99,56.57
2020-07-07,14.45,,8.2,74.72,56.37
2020-07-08,14.71,,8.18,76.7,57.32
2020-07-09,14.64,,7.99,79.4,56.42
2020-07-10,14.85,,8.06,80.18,56.97
2020-07-13,14.0,,8.16,80.5,57.65
2020-07-14,13.91,,8.01,80.5,61.7
2020-07-15,14.29,,8.8,81.5,61.79
2020-07-16,14.05,,8.26,80.18,60.12
2020-07-17,14.16,,8.38,82.0,61.04
2020-07-20,14.12,,8.32,87.0,60.8
2020-07-21,14.68,,8.5,84.3,59.7
2020-07-22,14.71,,8.31,84.65,59.24
2020-07-23,14.4,,8.22,80.4,58.85
2020-07-24,14.93,,8.02,79.67,58.6
2020-07-27,15.28,,8.02,79.35,61.37
2020-07-28,15.09,,8.17,80.4,60.34
2020-07-29,15.15,,8.18,80.21,62.95
2020-07-30,14.55,,7.95,83.29,61.27
2020-07-31,13.9,,7.61,80.71,60.71
2020-08-03,13.71,,7.66,82.57,60.26
2020-08-04,13.4,,7.47,82.5,60.7
2020-08-05,13.18,,7.66,83.0,62.19
2020-08-06,13.26,,7.58,85.91,61.83
2020-08-07,13.31,,7.5,85.65,60.45
2020-08-10,13.24,,7.93,81.93,62.2
2020-08-11,13.41,,8.02,80.99,60.28
2020-08-12,13.48,,7.8,80.06,61.5
2020-08-13,13.21,,7.6,80.45,60.35
2020-08-14,13.26,,7.68,81.76,61.35
2020-08-17,12.85,,7.39,81.65,62.23
2020-08-18,13.08,,7.39,89.5,63.06
2020-08-19,12.85,,7.16,89.7,62.39
2020-08-20,12.88,,7.16,87.35,62.95
2020-08-21,12.97,,7.24,87.35,62.2
2020-08-24,12.86,,7.64,87.08,62.96
2020-08-25,12.75,,7.66,88.0,61.62
2020-08-26,12.7,,7.31,90.15,61.75
2020-08-27,12.68,,7.33,91.98,60.79
2020-08-28,12.75,,7.56,94.58,61.1
2020-08-31,12.31,,7.34,93.22,59.68
2020-09-01,12.65,,7.67,95.33,61.76
2020-09-02,12.76,,7.57,93.51,61.32
2020-09-03,12.6,,7.44,88.5,59.32
2020-09-04,12.6,,7.41,88.77,60.49
2020-09-07,,,,,
2020-09-08,12.35,,7.36,87.69,59.27
2020-09-09,12.35,,7.19,91.2,60.0
2020-09-10,12.31,,7.01,88.25,58.53
2020-09-11,12.04,,6.81,87.57,61.95
2020-09-14,12.57,,6.9,90.3,61.91
2020-09-15,12.89,,6.87,89.58,62.6
2020-09-16,12.56,,6.92,89.17,60.97
2020-09-17,13.16,,6.97,87.1,62.08
2020-09-18,12.79,,6.68,87.16,61.66
2020-09-21,12.73,,6.36,88.7,60.0
2020-09-22,12.8,,6.18,89.49,57.81
2020-09-23,12.44,,6.04,86.48,59.1
2020-09-24,12.67,,6.18,89.3,58.66
2020-09-25,12.84,,6.12,90.63,59.25
2020-09-28,12.48,,6.36,87.47,58.78
2020-09-29,12.35,,6.1,87.48,58.35
2020-09-30,12.54,,6.24,89.2,59.11
2020-10-01,12.7,,6.47,91.9,58.86
2020-10-02,12.53,,6.49,88.05,58.32
2020-10-05,12.81,,6.42,90.14,59.59
2020-10-06,13.34,,6.62,89.3,58.62
2020-10-07,13.53,,6.37,88.94,60.17
2020-10-08,13.68,,6.69,91.87,61.29
2020-10-09,13.57,,6.69,98.15,61.6
2020-10-12,,,,,
2020-10-13,13.75,,6.49,104.0,62.14
2020-10-14,13.8,,6.57,25.59,63.0
2020-10-15,13.44,,6.6,25.51,62.47
2020-10-16,13.27,,6.47,25.8,62.24
2020-10-19,13.15,,6.4,25.69,61.95
2020-10-20,13.38,,6.59,26.04,61.84
2020-10-21,13.37,,6.79,26.22,62.85
2020-10-22,13.57,,6.82,26.1,63.1
2020-10-23,13.89,,7.09,25.92,63.45
2020-10-26,14.2,,6.88,25.47,62.5
2020-10-27,13.72,,6.45,25.45,62.53
2020-10-28,13.37,,6.05,24.63,60.26
2020-10-29,12.89,,6.11,25.36,62.02
2020-10-30,12.18,,6.03,24.63,60.55
2020-11-02,,,,,
2020-11-03,12.78,,6.03,24.99,63.34
2020-11-04,12.82,,6.24,26.19,61.58
2020-11-05,13.33,,6.61,27.45,62.55
2020-11-06,13.25,,6.55,27.33,63.19
2020-11-09,14.22,,7.41,26.45,63.19
2020-11-10,15.21,,7.32,25.22,63.16
2020-11-11,14.9,,7.18,25.58,63.6
2020-11-12,14.62,,7.02,25.48,62.67
2020-11-13,15.11,,7.45,25.1,63.25
2020-11-16,15.36,,8.05,24.85,64.92
2020-11-17,15.46,,8.1,24.73,66.97
2020-11-18,14.84,,8.05,24.54,66.45
2020-11-19,14.73,,8.08,24.64,67.72
2020-11-20,14.4,,7.9,24.2,68.44
2020-11-23,14.66,,8.21,23.42,71.29
2020-11-24,14.75,,8.41,23.7,74.8
2020-11-25,14.49,,8.31,24.0,75.5
2020-11-26,14.42,,8.27,24.25,76.57
2020-11-27,14.32,,8.25,24.19,78.44
2020-11-30,13.98,,8.1,23.38,78.0
2020-12-01,14.68,,8.21,22.88,81.25
2020-12-02,14.88,,8.42,23.05,79.84
2020-12-03,14.7,,9.35,23.3,78.96
2020-12-04,14.74,,9.37,23.66,81.98
2020-12-07,14.97,,9.37,23.8,82.95
2020-12-08,15.05,,9.18,24.95,82.9
2020-12-09,15.26,,8.97,23.98,82.7
2020-12-10,15.69,,8.89,23.4,85.0
2020-12-11,15.5,,9.05,22.99,84.86
2020-12-14,15.32,,9.01,24.05,83.55
2020-12-15,15.56,,9.27,24.61,84.5
2020-12-16,15.82,,9.22,24.96,86.22
2020-12-17,16.06,,9.11,24.54,87.2
2020-12-18,15.86,,8.95,24.52,87.8
2020-12-21,15.42,,8.54,25.0,86.86
2020-12-22,15.51,,8.22,25.16,86.94
2020-12-23,15.5,,8.56,24.97,87.36
2020-12-24,,,,,
2020-12-25,,,,,
2020-12-28,15.77,,8.67,25.25,87.31
2020-12-29,15.95,,8.63,25.28,87.07
2020-12-30,15.65,,8.85,24.95,87.45
2020-12-31,,,,,
2021-01-01,,,,,
2021-01-04,15.48,,8.37,25.2,91.46
2021-01-05,15.81,,8.57,24.76,93.0
2021-01-06,16.05,,8.91,23.44,95.61
2021-01-07,16.05,,8.88,23.16,102.32
2021-01-08,16.53,,8.81,23.84,102.0
2021-01-11,16.1,,8.61,23.49,101.98
2021-01-12,16.8,,9.29,24.2,99.19
2021-01-13,16.17,,9.2,24.02,96.22
2021-01-14,16.26,,9.98,23.73,97.8
2021-01-15,15.95,,9.52,23.96,93.55
2021-01-18,16.22,,9.38,24.45,94.31
2021-01-19,16.27,,9.47,24.08,94.06
2021-01-20,16.02,,9.16,25.42,92.32
2021-01-21,15.61,,8.88,25.49,93.36
2021-01-22,15.15,,8.66,25.99,93.17
2021-01-25,,,,,
2021-01-26,15.4,,8.65,25.75,91.75
2021-01-27,15.39,,8.84,25.79,89.2
2021-01-28,15.54,,9.13,26.19,91.1
2021-01-29,15.11,,8.79,25.27,87.95
2021-02-01,15.6,,8.93,24.93,91.27
2021-02-02,15.61,,9.53,25.3,87.66
2021-02-03,15.68,,9.64,25.65,90.43
2021-02-04,15.6,,9.45,25.31,89.29
2021-02-05,15.52,,9.47,25.85,92.69
2021-02-08,14.94,,9.63,26.16,94.01
2021-02-09,14.96,,9.63,26.24,94.25
2021-02-10,15.01,,9.67,25.3,94.7
2021-02-11,14.95,,10.02,25.65,93.1
2021-02-12,14.79,,10.08,25.91,93.89
2021-02-15,,,,,
2021-02-16,,,,,
2021-02-17,15.27,,11.5,25.5,96.35
2021-02-18,14.79,,11.3,25.04,97.4
2021-02-19,14.89,,11.62,24.94,97.77
2021-02-22,14.58,,12.48,24.25,95.35
2021-02-23,14.69,,12.35,24.86,96.95
2021-02-24,14.68,,13.1,24.64,97.93
2021-02-25,14.17,,12.27,24.06,95.71
2021-02-26,14.02,14.6995967,12.23,24.18,94.52
2021-03-01,13.77,71.4,12.21,24.55,98.57
2021-03-02,13.99,72.5,12.42,24.27,101.6
2021-03-03,14.17,71.3,12.43,25.12,100.35
2021-03-04,14.78,73.2,12.4,25.44,98.86
2021-03-05,15.08,75.0,12.82,25.13,100.21
2021-03-08,14.69,71.01,12.23,23.1,99.67
2021-03-09,15.16,70.8,12.34,23.39,98.67
2021-03-10,15.27,71.0,13.82,24.9,97.15
2021-03-11,15.09,73.49,13.74,24.8,99.7
2021-03-12,15.03,72.78,14.4,24.57,97.4
2021-03-15,15.3,72.85,14.69,23.72,96.82
2021-03-16,15.05,71.55,13.99,24.15,96.51
2021-03-17,15.42,74.0,14.42,23.94,97.9
2021-03-18,15.3,73.25,13.95,22.28,96.16
2021-03-19,15.49,71.34,14.51,22.29,94.78
2021-03-22,15.54,70.0,13.43,21.91,93.21
2021-03-23,15.08,70.78,13.35,21.51,91.06
2021-03-24,14.8,68.5,13.1,20.37,93.15
2021-03-25,14.99,71.87,13.19,20.3,92.44
2021-03-26,15.15,72.7,13.2,19.98,95.53
2021-03-29,15.3,73.5,13.12,19.65,97.98
2021-03-30,15.59,73.5,14.34,20.06,97.07
2021-03-31,15.29,73.84,14.01,20.24,97.97
2021-04-01,15.0,75.06,13.9,20.44,97.39
2021-04-02,,,,,
2021-04-05,15.27,77.5,14.66,20.42,103.39
2021-04-06,15.39,76.81,14.46,20.6,102.05
2021-04-07,15.22,76.32,14.78,20.18,104.56
2021-04-08,15.45,77.42,16.08,21.85,104.5
2021-04-09,15.36,77.5,15.96,21.67,103.0
2021-04-12,15.51,77.4,16.05,21.65,103.4
2021-04-13,15.63,77.25,15.76,22.2,103.58
2021-04-14,15.81,78.66,16.14,22.12,107.0
2021-04-15,15.87,79.97,15.96,22.2,108.21
2021-04-16,15.8,79.75,15.81,21.92,108.67
2021-04-19,15.73,80.5,15.43,21.65,107.73
2021-04-20,15.62,81.5,15.08,21.6,106.16
2021-04-21,,,,,
2021-04-22,15.9,80.46,15.19,21.15,106.23
2021-04-23,15.85,81.16,15.51,21.73,107.99
2021-04-26,15.59,80.36,16.09,21.71,108.57
2021-04-27,15.29,79.66,15.93,20.95,110.12
2021-04-28,15.21,79.98,15.78,20.65,111.92
2021-04-29,15.26,79.81,15.1,20.26,111.95
2021-04-30,14.94,80.89,15.4,20.03,109.02
2021-05-03,14.8,81.47,15.96,20.18,108.46
2021-05-04,14.64,82.5,15.91,19.75,110.1
2021-05-05,14.86,85.61,15.71,19.9,110.71
2021-05-06,16.18,87.17,15.82,19.46,115.05
2021-05-07,16.21,88.97,16.99,19.89,115.45
2021-05-10,16.5,88.19,16.57,19.2,114.69
2021-05-11,16.87,87.0,16.44,19.32,118.72
2021-05-12,16.87,84.58,15.57,18.59,114.33
2021-05-13,16.88,86.19,15.53,19.13,112.49
2021-05-14,17.18,86.68,15.99,19.15,110.56
2021-05-17,17.4,85.74,16.1,18.86,113.46
2021-05-18,17.42,84.24,16.42,18.97,114.6
2021-05-19,17.56,83.02,15.89,18.68,112.25
2021-05-20,17.54,84.09,16.15,18.74,111.11
2021-05-21,17.61,86.2,16.66,18.53,109.4
2021-05-24,17.63,89.21,17.05,20.0,109.78
2021-05-25,17.61,88.56,17.27,20.02,107.05
2021-05-26,17.47,88.86,16.85,19.67,110.2
2021-05-27,17.69,88.9,17.87,19.59,110.99
2021-05-28,17.85,89.09,17.43,20.25,111.59
2021-05-31,17.95,89.45,17.28,20.16,114.78
2021-06-01,18.77,89.0,17.98,20.35,113.2
2021-06-02,19.37,87.94,17.82,20.5,114.8
2021-06-03,,,,,
2021-06-04,19.38,87.97,17.26,20.85,112.9
2021-06-07,19.6,86.74,17.48,20.8,111.8
2021-06-08,19.59,84.35,17.55,21.05,109.92
2021-06-09,19.31,84.78,17.3,20.27,112.2
2021-06-10,19.33,85.09,19.95,20.28,111.79
2021-06-11,18.94,84.29,21.02,20.38,114.34
2021-06-14,19.48,84.0,21.07,20.59,113.72
2021-06-15,19.13,83.18,21.38,20.89,111.5
2021-06-16,19.09,83.39,20.44,20.31,108.15
2021-06-17,19.01,83.8,20.23,21.31,105.9
2021-06-18,18.76,85.01,20.0,21.07,109.09
2021-06-21,18.73,86.46,20.35,21.27,110.11
2021-06-22,18.29,86.4,20.08,20.97,111.4
2021-06-23,17.99,86.0,19.66,20.58,113.07
2021-06-24,17.95,87.31,19.61,21.65,111.03
2021-06-25,16.95,84.89,19.1,21.39,112.4
2021-06-28,17.5,85.88,18.99,21.53,110.6
2021-06-29,17.29,86.14,18.61,21.67,112.51
2021-06-30,17.07,86.54,18.87,21.15,113.25
2021-07-01,17.2,85.8,18.74,20.69,111.28
2021-07-02,17.43,86.0,18.95,21.64,113.58
2021-07-05,17.94,86.1,18.98,21.38,113.17
2021-07-06,17.55,85.7,18.69,21.07,113.77
2021-07-07,17.77,86.25,18.69,22.01,114.1
2021-07-08,17.36,86.2,18.21,21.92,113.66
2021-07-09,,,,,
2021-07-12,17.66,86.55,19.7,22.1,115.07
2021-07-13,17.8,88.05,19.12,22.49,115.75
2021-07-14,17.91,87.71,18.63,22.93,115.12
2021-07-15,17.62,86.28,18.27,23.72,115.48
2021-07-16,17.43,87.44,17.54,23.9,113.4
2021-07-19,17.01,87.35,17.3,23.12,112.16
2021-07-20,17.03,86.6,18.32,23.37,113.1
2021-07-21,17.2,87.05,18.87,23.36,114.4
2021-07-22,17.03,87.3,18.7,23.25,114.7
2021-07-23,16.75,87.5,18.51,22.6,114.12
2021-07-26,17.09,90.2,19.16,22.04,116.6
2021-07-27,16.92,89.0,18.92,21.45,114.18
2021-07-28,17.33,88.08,19.37,21.53,117.3
2021-07-29,17.13,87.2,19.42,21.72,115.57
2021-07-30,16.64,86.68,18.59,20.6,108.76
2021-08-02,16.86,86.66,18.89,20.63,108.93
2021-08-03,17.07,86.7,18.92,20.43,112.64
2021-08-04,16.63,87.08,18.32,19.96,112.52
2021-08-05,16.62,87.0,18.62,20.46,109.08
2021-08-06,17.1,87.8,19.23,20.68,109.7
2021-08-09,17.16,90.84,18.98,20.49,109.01
2021-08-10,16.71,92.05,19.6,20.4,110.06
2021-08-11,16.57,90.26,19.93,20.91,109.27
2021-08-12,16.58,17.75,19.38,20.97,109.2
2021-08-13,16.65,17.74,20.79,20.27,108.3
2021-08-16,16.4,17.25,19.45,19.42,108.8
2021-08-17,16.32,16.96,18.16,19.31,107.0
2021-08-18,16.47,16.66,18.83,18.84,103.41
2021-08-19,17.19,17.48,19.56,18.95,97.51
2021-08-20,17.54,17.78,19.87,18.86,97.55
2021-08-23,17.36,17.51,20.92,18.13,96.2
2021-08-24,17.59,17.74,22.62,19.24,99.71
2021-08-25,17.58,17.85,23.34,19.55,99.5
2021-08-26,17.11,17.37,23.12,18.8,98.23
2021-08-27,17.04,17.4,23.68,19.03,100.69
2021-08-30,17.18,17.16,23.15,18.88,100.05
2021-08-31,17.1,16.81,23.42,18.24,98.68
2021-09-01,17.26,17.03,22.93,18.68,98.85
2021-09-02,16.52,17.54,22.78,18.01,98.54
2021-09-03,16.56,18.16,21.76,18.9,98.61
2021-09-06,17.19,18.35,21.55,19.48,97.06
2021-09-07,,,,,
2021-09-08,16.21,17.91,21.07,18.79,95.04
2021-09-09,16.31,18.2,21.63,18.85,94.7
2021-09-10,16.1,18.18,21.18,17.18,94.81
2021-09-13,16.35,18.67,21.87,17.44,94.76
2021-09-14,16.44,18.33,21.33,17.03,94.09
2021-09-15,16.02,18.59,21.44,16.62,91.74
2021-09-16,16.13,19.16,21.25,16.37,87.93
2021-09-17,15.74,19.0,20.88,16.57,86.15
2021-09-20,15.61,18.82,20.36,16.05,83.31
2021-09-21,15.66,19.49,20.21,16.39,84.12
2021-09-22,15.72,19.29,21.3,16.34,87.11
2021-09-23,15.88,19.19,23.89,15.87,78.91
2021-09-24,15.84,18.98,23.86,15.63,77.69
2021-09-27,15.83,19.25,23.53,15.01,78.8
2021-09-28,15.44,19.18,23.07,14.18,74.85
2021-09-29,15.49,18.97,23.57,13.94,75.8
2021-09-30,15.3,19.04,23.13,14.34,76.24
2021-10-01,15.27,19.36,24.27,14.55,76.2
2021-10-04,15.04,19.32,24.05,13.71,75.49
2021-10-05,15.18,19.22,22.96,13.68,74.95
2021-10-06,15.1,19.12,23.38,14.46,77.06
2021-10-07,15.08,18.92,24.09,14.03,79.36
2021-10-08,15.36,18.3,24.75,14.97,79.85
2021-10-11,15.24,17.4,25.96,14.38,81.62
2021-10-12,,,,,
2021-10-13,15.51,17.92,25.9,14.5,79.2
2021-10-14,15.49,17.86,26.05,14.17,79.2
2021-10-15,15.53,17.54,25.68,14.56,80.68
2021-10-18,15.62,16.96,25.66,14.28,79.92
2021-10-19,15.14,16.55,24.94,13.73,79.0
2021-10-20,15.35,16.77,24.65,13.25,76.41
2021-10-21,15.14,16.43,24.13,12.41,75.16
2021-10-22,15.0,16.11,24.25,12.42,76.08
2021-10-25,15.27,16.13,24.12,12.34,77.0
2021-10-26,15.16,15.95,23.17,11.98,76.18
2021-10-27,15.22,15.64,22.49,11.6,74.45
2021-10-28,16.7,15.65,22.37,11.15,73.7
2021-10-29,16.99,15.29,21.93,10.81,71.61
2021-11-01,17.36,14.98,22.33,11.3,72.32
2021-11-02,,,,,
2021-11-03,17.83,15.43,22.35,11.55,66.83
2021-11-04,17.88,15.2,21.71,11.08,66.07
2021-11-05,17.9,15.24,23.11,12.44,64.11
2021-11-08,17.74,15.42,22.88,11.93,67.6
2021-11-09,17.89,15.5,23.37,13.13,65.94
2021-11-10,17.75,15.97,22.64,13.02,65.69
2021-11-11,17.61,15.9,22.99,13.65,68.01
2021-11-12,17.51,15.53,21.97,11.15,68.3
2021-11-15,,,,,
2021-11-16,17.51,14.84,21.5,9.74,66.33
2021-11-17,17.54,14.26,20.95,9.27,65.0
2021-11-18,17.6,13.98,21.06,8.99,62.33
2021-11-19,17.39,14.08,20.72,9.27,64.03
2021-11-22,17.32,13.79,20.37,8.84,67.59
2021-11-23,17.2,13.86,20.59,8.6,69.37
2021-11-24,17.1,13.72,20.6,8.82,70.98
2021-11-25,17.23,13.85,21.04,8.7,70.5
2021-11-26,16.69,13.36,19.27,8.06,68.64
2021-11-29,16.34,13.05,19.75,8.04,69.5
2021-11-30,16.06,12.75,19.14,7.8,69.95
2021-12-01,15.86,12.47,18.3,6.88,70.23
2021-12-02,16.01,12.45,19.36,6.76,73.49
2021-12-03,16.0,13.3,19.15,7.05,71.87
2021-12-06,16.08,13.75,20.23,7.3,75.77
2021-12-07,16.1,14.05,20.3,7.62,76.33
2021-12-08,16.08,14.39,21.3,6.81,75.76
2021-12-09,15.81,14.22,20.76,6.28,75.18
2021-12-10,15.95,14.56,21.42,6.37,75.65
2021-12-13,16.01,14.38,20.64,6.05,77.86
2021-12-14,16.17,14.4,20.63,5.74,77.85
2021-12-15,16.08,14.69,20.72,6.17,77.41
2021-12-16,16.1,14.54,20.57,6.4,80.44
2021-12-17,16.07,14.46,20.4,6.66,79.17
2021-12-20,15.42,14.1,19.91,6.33,78.28
2021-12-21,15.4,14.25,23.1,6.42,80.34
2021-12-22,15.39,14.16,23.6,6.16,79.92
2021-12-23,15.55,14.09,24.35,6.2,79.15
2021-12-24,,,,,
2021-12-27,15.53,13.64,24.44,6.78,78.95
2021-12-28,15.52,13.1,24.49,6.83,76.8
2021-12-29,15.45,12.84,24.42,6.76,77.25
2021-12-30,15.42,12.96,24.82,7.22,77.96
2021-12-31,,,,,
2022-01-03,15.33,12.72,25.24,6.72,78.0
2022-01-04,15.31,12.72,25.22,6.61,77.08
2022-01-05,15.01,11.99,23.72,6.42,77.81
2022-01-06,14.77,11.59,23.87,6.25,79.38
2022-01-07,14.53,11.36,24.07,6.22,84.0
2022-01-10,14.65,11.3,23.74,5.74,83.0
2022-01-11,14.68,11.45,23.48,5.87,84.58
2022-01-12,14.88,11.8,23.11,6.31,85.5
2022-01-13,14.99,12.02,22.14,6.09,84.2
2022-01-14,15.1,12.13,22.01,6.33,84.69
2022-01-17,14.8,12.01,21.55,6.12,84.25
2022-01-18,14.58,11.92,21.17,5.89,86.31
2022-01-19,14.54,12.03,20.58,6.31,88.21
2022-01-20,14.49,11.95,21.02,6.65,86.71
2022-01-21,14.69,12.02,20.53,6.9,84.91
2022-01-24,14.7,12.04,20.64,6.39,83.87
2022-01-25,15.07,12.3,20.76,6.72,84.06
2022-01-26,15.0,12.28,20.33,6.75,84.3
2022-01-27,15.4,12.55,20.07,7.22,84.49
2022-01-28,14.93,12.38,19.81,6.71,83.66
2022-01-31,14.97,12.53,20.31,7.0,80.87
2022-02-01,14.85,12.58,20.68,7.01,85.31
2022-02-02,14.52,12.5,19.99,6.51,85.79
2022-02-03,14.46,12.5,19.12,6.53,85.75
2022-02-04,14.41,12.9,18.97,6.33,87.98
2022-02-07,14.29,12.77,19.2,6.31,90.13
2022-02-08,14.16,12.51,19.37,6.54,91.39
2022-02-09,14.54,12.61,20.08,6.6,91.41
2022-02-10,14.75,12.68,19.94,6.94,93.87
2022-02-11,14.86,12.34,19.04,6.35,91.97
2022-02-14,15.06,12.33,18.87,6.48,91.57
2022-02-15,15.38,12.18,19.77,6.84,88.85
2022-02-16,15.08,13.05,20.06,6.82,89.5
2022-02-17,14.85,13.25,19.34,6.63,85.65
2022-02-18,14.77,12.7,19.16,6.36,85.83
2022-02-21,14.45,12.46,18.35,6.02,85.9
2022-02-22,14.71,13.1,17.5,6.07,87.39
2022-02-23,14.81,13.33,17.09,5.91,86.47
2022-02-24,14.84,13.54,17.45,6.12,87.54
2022-02-25,15.2,13.46,17.6,6.01,92.28
2022-02-28,,,,,
2022-03-01,,,,,
2022-03-02,14.52,13.27,17.76,6.31,99.65
2022-03-03,14.18,13.15,17.02,6.31,99.7
2022-03-04,13.93,12.71,16.43,6.29,101.97
2022-03-07,13.43,12.28,15.32,5.85,105.07
2022-03-08,13.44,12.3,15.6,6.05,100.46
2022-03-09,13.93,13.4,16.48,6.23,94.19
2022-03-10,13.38,13.31,14.02,5.96,97.3
2022-03-11,13.18,12.98,13.18,5.69,96.79
2022-03-14,13.32,13.1,13.14,5.33,91.6
2022-03-15,13.47,13.42,13.51,4.87,88.97
2022-03-16,13.78,13.6,14.29,5.13,91.13
2022-03-17,13.93,13.73,14.7,5.54,94.3
2022-03-18,14.25,14.22,15.08,5.82,96.09
2022-03-21,14.18,14.19,15.21,5.72,98.81
2022-03-22,14.38,14.74,15.34,5.81,96.6
2022-03-23,14.19,15.05,15.17,6.0,96.39
2022-03-24,14.2,15.31,15.35,6.6,96.91
2022-03-25,14.32,15.84,15.19,6.54,95.23
2022-03-28,14.74,16.24,15.09,6.47,95.34
2022-03-29,15.25,16.22,15.62,7.0,94.52
2022-03-30,15.17,16.17,15.25,6.87,95.87
2022-03-31,15.4,16.29,14.96,6.82,95.6
2022-04-01,15.39,16.48,15.06,7.35,96.96
2022-04-04,15.19,16.29,15.25,7.19,97.94
2022-04-05,15.07,16.17,14.41,6.91,95.11
2022-04-06,14.95,16.29,14.21,6.62,96.55
2022-04-07,15.06,16.1,14.12,6.56,97.13
2022-04-08,14.93,16.12,13.94,6.13,95.15
2022-04-11,15.2,16.0,13.79,6.08,94.0
2022-04-12,15.05,16.45,13.56,5.97,93.37
2022-04-13,14.83,16.5,13.9,6.03,93.4
2022-04-14,14.7,16.37,13.7,6.01,92.09
2022-04-15,,,,,
2022-04-18,14.71,16.03,13.52,5.89,90.57
2022-04-19,14.65,16.34,14.05,5.94,87.68
2022-04-20,14.73,16.59,13.91,5.61,85.4
2022-04-21,,,,,
2022-04-22,14.75,16.03,13.7,5.55,80.45
2022-04-25,15.12,16.01,14.03,5.44,79.08
2022-04-26,14.75,15.83,13.6,5.18,78.0
2022-04-27,14.68,15.89,13.48,5.1,82.17
2022-04-28,14.71,15.53,14.36,5.18,84.2
2022-04-29,14.52,15.28,14.21,4.88,83.29
2022-05-02,14.47,15.25,13.82,4.8,82.92
2022-05-03,14.24,15.18,14.17,4.6,82.5
2022-05-04,14.34,15.36,14.51,4.95,81.81
2022-05-05,13.73,15.02,14.49,4.42,80.33
2022-05-06,13.53,14.69,14.29,4.3,79.76
2022-05-09,13.69,14.76,13.15,3.91,76.49
2022-05-10,13.73,15.27,13.05,3.95,75.54
2022-05-11,13.95,15.16,12.97,3.93,78.69
2022-05-12,14.48,15.24,13.36,4.18,77.9
2022-05-13,14.54,15.48,13.86,4.38,77.81
2022-05-16,14.69,15.37,13.44,4.45,80.14
2022-05-17,14.73,15.83,13.82,3.94,79.8
2022-05-18,14.22,15.4,13.02,3.72,77.78
2022-05-19,14.14,15.45,12.92,3.73,79.85
2022-05-20,14.02,15.96,12.68,3.67,81.26
2022-05-23,14.08,15.87,12.83,3.7,82.92
2022-05-24,14.13,15.9,12.11,3.71,84.04
2022-05-25,14.04,15.72,12.13,3.71,84.3
2022-05-26,14.21,16.09,12.5,4.07,84.25
2022-05-27,14.21,15.8,12.68,4.0,85.72
2022-05-30,14.09,15.85,12.59,3.84,86.65
2022-05-31,14.19,15.84,12.74,3.72,86.21
2022-06-01,14.12,15.42,12.84,3.71,88.24
2022-06-02,14.12,15.89,13.31,3.8,89.9
2022-06-03,14.08,15.45,12.98,3.59,88.46
2022-06-06,14.05,15.47,13.13,3.4,88.55
2022-06-07,13.73,15.7,13.12,3.29,90.62
2022-06-08,13.76,15.94,13.02,3.22,87.5
2022-06-09,13.61,15.6,12.78,3.01,84.54
2022-06-10,13.59,15.04,12.05,2.9,84.56
2022-06-13,13.33,14.57,11.35,2.67,81.88
2022-06-14,13.15,14.59,11.29,2.54,81.72
2022-06-15,13.06,15.48,11.58,2.55,81.67
2022-06-16,,,,,
2022-06-17,13.03,15.51,11.58,2.38,77.41
2022-06-20,13.05,15.9,11.32,2.58,75.5
2022-06-21,13.17,15.41,11.67,2.51,76.0
2022-06-22,13.3,14.99,11.85,2.44,75.35
2022-06-23,13.33,15.28,12.16,2.55,72.6
2022-06-24,13.67,14.97,12.5,2.47,74.62
2022-06-27,13.72,14.7,12.25,2.43,78.05
2022-06-28,13.52,14.62,12.09,2.38,79.45
2022-06-29,13.61,14.38,11.81,2.41,78.79
2022-06-30,13.4,14.27,11.44,2.34,76.56
2022-07-01,13.76,14.6,11.84,2.2,75.1
2022-07-04,13.68,14.4,11.67,2.13,74.67
2022-07-05,14.09,14.71,11.55,2.38,74.3
2022-07-06,14.23,14.9,11.49,2.5,75.0
2022-07-07,14.23,15.13,11.68,2.56,77.18
2022-07-08,14.31,15.28,11.47,2.62,75.4
2022-07-11,14.1,15.35,10.87,2.63,72.83
2022-07-12,13.79,15.24,11.25,2.93,73.05
2022-07-13,14.57,15.34,11.19,2.83,72.8
2022-07-14,14.84,15.32,11.2,2.91,67.95
2022-07-15,14.59,15.58,11.16,2.78,68.37
2022-07-18,14.49,15.44,11.3,2.77,68.73
2022-07-19,14.48,15.49,12.17,2.79,68.88
2022-07-20,14.3,15.39,12.15,3.07,67.39
2022-07-21,14.56,15.41,11.98,3.01,68.57
2022-07-22,14.51,15.65,11.87,2.86,69.21
2022-07-25,14.68,15.5,11.79,2.79,70.49
2022-07-26,14.82,15.52,11.6,2.61,70.36
2022-07-27,14.98,16.36,11.93,2.7,70.52
2022-07-28,15.1,16.19,11.8,2.72,70.69
2022-07-29,14.93,15.85,11.75,2.58,69.75
2022-08-01,14.63,15.63,12.03,2.72,68.08
2022-08-02,14.71,15.67,12.12,2.71,70.25
2022-08-03,14.63,16.56,12.59,2.93,67.52
2022-08-04,14.68,16.83,13.28,3.34,67.13
2022-08-05,14.6,17.03,13.36,3.16,68.0
2022-08-08,14.8,17.32,13.73,3.27,68.58
2022-08-09,14.74,17.25,13.68,3.08,70.0
2022-08-10,15.16,17.54,14.19,3.29,70.05
2022-08-11,15.13,17.64,14.3,3.04,72.49
2022-08-12,15.21,18.0,14.69,3.58,69.8
2022-08-15,15.42,18.2,14.95,4.04,68.3
2022-08-16,15.5,18.09,15.18,4.15,69.95
2022-08-17,15.55,17.93,15.1,4.02,68.23
2022-08-18,16.0,18.12,15.28,4.03,67.72
2022-08-19,15.66,17.78,14.58,3.78,66.96
2022-08-22,15.42,18.02,13.9,3.82,65.98
2022-08-23,15.44,17.86,14.01,4.15,70.21
2022-08-24,15.8,17.8,14.33,4.5,67.95
2022-08-25,15.82,17.95,14.73,4.68,69.27
2022-08-26,15.67,17.95,14.52,4.58,68.23
2022-08-29,15.61,18.36,14.38,4.52,66.91
2022-08-30,15.39,18.3,14.27,4.51,64.97
2022-08-31,15.27,18.39,13.82,4.27,64.5
2022-09-01,15.43,18.77,13.49,4.37,63.89
2022-09-02,15.48,18.9,13.35,4.26,62.92
2022-09-05,15.55,19.45,13.14,4.32,65.22
2022-09-06,15.56,19.47,13.05,4.0,63.67
2022-09-07,,,,,
2022-09-08,15.5,19.1,13.5,4.29,64.51
2022-09-09,15.72,18.85,13.62,4.38,69.55
2022-09-12,15.71,18.5,13.61,4.78,70.15
2022-09-13,15.59,18.15,13.13,4.7,68.25
2022-09-14,15.38,18.38,13.14,4.47,67.0
2022-09-15,15.3,18.29,13.61,4.34,68.35
2022-09-16,15.27,17.9,13.25,4.46,68.25
2022-09-19,15.47,18.13,13.48,4.56,70.46
2022-09-20,15.76,18.27,13.99,4.46,69.45
2022-09-21,15.55,18.3,13.68,4.75,68.45
2022-09-22,15.67,18.02,13.68,4.6,70.02
2022-09-23,15.37,17.79,12.66,4.63,68.57
2022-09-26,15.27,17.74,12.47,4.34,68.0
2022-09-27,15.44,17.78,12.59,4.18,67.7
2022-09-28,15.72,17.95,12.84,4.33,68.34
2022-09-29,15.61,17.95,11.95,4.05,68.43
2022-09-30,15.54,17.55,11.65,4.48,72.04
2022-10-03,16.3,18.43,12.15,4.91,74.0
2022-10-04,16.24,18.08,12.64,5.09,75.79
2022-10-05,16.12,18.12,12.61,5.12,76.96
2022-10-06,16.03,18.11,12.86,5.37,75.55
2022-10-07,15.42,18.16,12.36,5.31,75.51
2022-10-10,15.2,18.79,12.54,5.32,73.99
2022-10-11,14.99,19.02,12.18,5.17,73.49
2022-10-12,,,,,
2022-10-13,15.01,19.47,11.59,4.92,72.18
2022-10-14,14.83,19.09,11.4,4.37,69.83
2022-10-17,14.92,19.74,12.15,4.37,70.67
2022-10-18,14.9,17.92,12.53,4.32,71.96
2022-10-19,14.89,18.35,12.35,4.19,71.11
2022-10-20,15.04,18.01,12.35,4.09,72.02
2022-10-21,15.31,18.6,12.53,4.15,74.13
2022-10-24,15.18,18.69,12.62,4.08,71.93
2022-10-25,14.91,17.69,13.15,4.29,71.93
2022-10-26,15.1,17.08,12.77,3.91,73.53
2022-10-27,15.56,18.14,12.9,4.22,70.91
2022-10-28,15.77,18.81,13.13,4.38,67.45
2022-10-31,16.0,19.82,13.75,4.47,67.13
2022-11-01,15.79,19.89,13.72,4.56,69.17
2022-11-02,,,,,
2022-11-03,16.02,20.37,13.59,4.87,67.15
2022-11-04,16.45,20.55,13.54,4.83,72.25
2022-11-07,16.36,20.26,13.33,4.54,71.87
2022-11-08,16.74,19.96,13.35,4.63,74.05
2022-11-09,16.48,20.4,13.35,4.47,73.15
2022-11-10,15.99,19.52,13.45,3.98,74.55
2022-11-11,16.09,19.35,13.93,3.46,82.3
2022-11-14,15.95,19.6,13.08,3.62,83.31
2022-11-15,,,,,
2022-11-16,15.44,19.64,14.38,3.33,82.44
2022-11-17,15.4,19.5,13.89,3.39,83.1
2022-11-18,15.62,19.15,14.2,3.15,80.83
2022-11-21,15.67,19.71,14.36,3.38,79.92
2022-11-22,15.66,19.47,14.29,3.34,80.14
2022-11-23,15.72,19.35,14.18,3.38,80.93
2022-11-24,16.04,19.81,14.5,3.6,81.45
2022-11-25,15.77,19.21,14.31,3.42,80.9
2022-11-28,15.91,19.32,14.02,3.32,81.3
2022-11-29,15.76,19.4,13.51,3.36,84.44
2022-11-30,15.92,20.05,13.55,3.41,85.71
2022-12-01,16.08,19.68,13.86,3.1,86.18
2022-12-02,16.33,20.54,13.98,3.24,86.8
2022-12-05,16.02,20.38,13.54,3.08,86.71
2022-12-06,16.05,19.96,13.63,3.12,87.97
2022-12-07,16.0,20.1,13.54,2.94,84.84
2022-12-08,15.7,19.34,13.25,2.84,85.88
2022-12-09,15.51,19.28,13.11,2.8,88.74
2022-12-12,15.24,18.95,13.34,2.8,86.09
2022-12-13,15.28,18.63,13.38,2.8,86.16
2022-12-14,15.13,19.07,13.89,2.63,86.89
2022-12-15,15.0,19.12,13.52,2.6,87.17
2022-12-16,14.85,18.71,13.55,2.37,85.68
2022-12-19,15.23,19.55,13.58,2.61,85.37
2022-12-20,14.52,20.0,13.99,2.82,85.75
2022-12-21,14.35,20.18,14.06,2.61,86.24
2022-12-22,14.42,20.12,14.03,2.6,85.75
2022-12-23,14.62,20.02,14.11,2.68,86.32
2022-12-26,14.52,19.93,14.02,2.66,87.11
2022-12-27,14.52,19.3,13.96,2.52,89.19
2022-12-28,14.55,19.43,14.2,2.69,88.99
2022-12-29,14.52,19.47,14.31,2.74,88.88
2022-12-30,,,,,
2023-01-02,14.19,18.99,14.3,2.59,89.4
2023-01-03,14.17,18.61,14.57,2.54,89.24
2023-01-04,14.25,19.08,14.97,2.55,89.4
2023-01-05,14.29,18.98,14.8,2.66,90.9
2023-01-06,14.32,19.04,14.55,2.76,92.34
2023-01-09,14.4,19.23,14.81,2.83,92.44
2023-01-10,14.54,19.24,15.09,3.05,93.58
2023-01-11,14.29,19.76,15.59,3.03,93.25
2023-01-12,14.1,20.0,15.71,3.19,93.74
2023-01-13,13.88,19.96,15.75,3.43,93.82
2023-01-16,13.2,20.06,16.37,3.85,92.25
2023-01-17,13.86,20.06,16.36,3.79,92.13
2023-01-18,13.78,20.41,16.3,3.56,93.34
2023-01-19,13.64,20.18,16.37,3.81,93.74
2023-01-20,13.53,20.0,16.22,3.82,93.99
2023-01-23,13.42,20.27,16.32,4.04,94.3
2023-01-24,13.61,21.05,16.79,4.39,95.3
2023-01-25,13.71,21.11,16.79,4.35,96.2
2023-01-26,13.74,21.0,16.68,4.28,98.0
2023-01-27,13.65,21.02,16.36,4.53,95.32
2023-01-30,13.53,20.78,16.34,4.36,94.98
2023-01-31,13.66,19.65,16.35,4.43,94.51
2023-02-01,13.18,19.63,16.32,4.29,93.46
2023-02-02,13.11,19.52,16.52,4.34,89.14
2023-02-03,12.98,19.12,16.47,4.27,88.95
2023-02-06,13.02,19.22,16.46,4.13,87.84
2023-02-07,12.96,18.85,16.97,4.05,88.42
2023-02-08,13.19,18.76,16.64,4.22,88.72
2023-02-09,13.02,18.52,16.25,4.11,88.39
2023-02-10,12.86,18.63,16.12,3.99,86.8
2023-02-13,13.13,18.67,16.0,4.13,86.71
2023-02-14,13.0,18.45,16.24,4.06,87.1
2023-02-15,13.23,19.22,16.42,3.89,89.0
2023-02-16,13.08,19.01,16.24,3.81,89.19
2023-02-17,13.2,19.12,16.56,3.66,88.03
2023-02-20,,,,,
2023-02-21,,,,,
2023-02-22,13.21,18.83,16.1,3.52,87.36
2023-02-23,13.25,18.77,16.07,3.56,86.95
2023-02-24,13.32,18.69,16.08,3.61,85.04
2023-02-27,13.4,18.39,16.08,3.65,85.04
2023-02-28,13.39,18.14,16.59,3.59,85.32
2023-03-01,13.47,17.64,16.89,3.23,89.2
2023-03-02,13.13,17.5,17.38,3.15,89.0
2023-03-03,13.11,17.53,17.95,3.02,89.3
2023-03-06,13.5,17.65,18.0,3.19,86.15
2023-03-07,13.43,17.75,18.23,3.22,85.33
2023-03-08,13.62,18.04,18.15,3.43,86.11
2023-03-09,13.6,17.87,17.98,3.39,84.98
2023-03-10,13.51,16.87,19.0,3.4,84.7
2023-03-13,13.61,16.69,18.8,3.72,85.05
2023-03-14,13.95,16.56,19.53,3.73,83.98
2023-03-15,14.02,16.74,19.51,3.81,81.45
2023-03-16,14.26,16.25,19.99,3.89,81.75
2023-03-17,14.22,15.92,20.17,3.78,82.73
2023-03-20,14.12,16.05,19.95,3.71,83.41
2023-03-21,13.95,16.13,20.28,3.7,82.71
2023-03-22,13.95,15.21,20.18,3.59,81.68
2023-03-23,13.78,15.25,20.54,3.11,79.58
2023-03-24,13.89,14.95,20.5,3.23,78.67
2023-03-27,13.93,15.18,20.45,3.34,78.54
2023-03-28,14.59,15.36,20.59,3.38,79.37
2023-03-29,14.81,15.43,21.05,3.35,80.51
2023-03-30,14.82,15.97,20.98,3.44,81.82
2023-03-31,14.33,15.54,20.79,3.31,80.29
2023-04-03,14.33,14.77,20.66,3.31,80.31
2023-04-04,14.43,14.67,20.81,3.22,78.04
2023-04-05,14.4,13.97,19.72,3.28,76.89
2023-04-06,14.43,13.63,19.65,3.37,76.75
2023-04-07,,,,,
2023-04-10,14.46,13.92,19.88,3.35,78.23
2023-04-11,14.78,14.71,20.5,3.78,82.36
2023-04-12,14.76,14.44,20.21,3.88,80.6
2023-04-13,14.59,13.75,20.27,3.86,79.51
2023-04-14,14.65,13.22,20.47,3.74,78.81
2023-04-17,14.75,13.27,20.43,3.66,77.87
2023-04-18,14.63,13.16,20.59,3.54,78.54
2023-04-19,14.58,12.89,20.76,3.25,76.25
2023-04-20,14.6,13.0,20.25,3.3,74.66
2023-04-21,,,,,
2023-04-24,14.34,12.9,20.19,3.39,71.96
2023-04-25,14.29,12.48,19.82,3.28,70.0
2023-04-26,14.21,12.59,19.66,3.11,70.27
2023-04-27,14.16,12.3,19.19,3.2,71.76
2023-04-28,14.16,12.29,19.42,3.34,72.4
2023-05-01,,,,,
2023-05-02,14.26,11.84,19.22,3.24,69.54
2023-05-03,14.58,11.47,18.74,3.34,69.0
2023-05-04,14.63,11.48,16.92,3.57,66.86
2023-05-05,14.49,10.5,16.5,3.81,69.04
2023-05-08,14.51,11.19,16.4,3.87,69.97
2023-05-09,14.5,11.62,16.45,4.14,70.69
2023-05-10,14.4,11.7,16.81,4.29,69.36
2023-05-11,14.5,11.68,17.08,4.35,68.01
2023-05-12,14.45,11.56,17.55,4.31,68.08
2023-05-15,14.62,11.73,17.65,4.38,69.06
2023-05-16,14.6,11.15,17.85,3.38,67.64
2023-05-17,14.56,11.19,18.1,3.36,69.88
2023-05-18,14.55,11.3,18.08,3.54,69.98
2023-05-19,14.58,11.82,18.02,3.64,69.21
2023-05-22,14.62,12.01,18.03,3.8,68.1
2023-05-23,14.59,11.57,17.76,3.66,66.56
2023-05-24,14.66,11.21,17.39,3.63,65.05
2023-05-25,14.74,11.63,18.08,3.76,64.85
2023-05-26,14.76,11.4,18.48,3.82,66.33
2023-05-29,14.76,11.52,18.81,3.79,65.83
2023-05-30,14.48,11.22,18.88,3.73,64.28
2023-05-31,14.41,10.75,19.02,3.8,63.81
2023-06-01,14.24,11.01,19.46,4.06,65.16
2023-06-02,14.46,11.5,19.49,3.87,67.94
2023-06-05,14.41,11.16,19.45,3.89,67.38
2023-06-06,14.82,12.8,19.55,3.99,67.6
2023-06-07,14.85,12.78,19.24,3.88,68.67
2023-06-08,,,,,
2023-06-09,15.14,12.96,19.51,3.97,68.36
2023-06-12,15.16,13.72,19.67,3.96,67.12
2023-06-13,15.27,13.2,20.08,3.76,67.83
2023-06-14,15.33,13.7,20.4,3.81,69.02
2023-06-15,15.19,14.1,20.55,3.75,69.56
2023-06-16,15.07,13.51,20.13,3.71,69.67
2023-06-19,15.11,13.25,20.2,3.73,69.4
2023-06-20,15.14,13.33,19.26,3.68,67.61
2023-06-21,15.28,13.4,17.83,3.76,66.93
2023-06-22,15.55,13.36,17.27,3.57,66.57
2023-06-23,15.49,14.3,17.31,3.58,65.9
2023-06-26,15.34,13.9,17.06,3.4,66.04
2023-06-27,15.38,13.09,17.43,3.38,66.83
2023-06-28,15.22,13.07,18.18,3.35,64.72
2023-06-29,15.22,13.35,18.43,3.45,65.51
2023-06-30,15.41,13.75,18.54,3.37,64.22
2023-07-03,15.41,13.62,18.4,3.44,66.23
2023-07-04,15.14,13.61,18.3,3.37,65.9
2023-07-05,15.21,13.72,18.75,3.41,65.32
2023-07-06,14.83,13.59,18.6,3.15,64.85
2023-07-07,14.85,14.0,18.23,3.18,65.46
2023-07-10,15.01,13.71,18.13,3.05,64.46
2023-07-11,14.63,13.43,17.98,3.06,66.58
2023-07-12,14.69,13.3,17.72,2.98,67.05
2023-07-13,14.76,13.0,17.96,3.02,68.61
2023-07-14,14.74,12.57,17.45,2.95,68.61
2023-07-17,14.82,12.82,17.5,2.96,67.85
2023-07-18,14.67,12.46,17.32,2.96,67.42
2023-07-19,14.63,12.14,17.39,2.94,67.24
2023-07-20,14.92,12.19,17.18,2.9,67.39
2023-07-21,15.3,12.54,17.61,3.02,67.8
2023-07-24,15.12,12.78,18.38,3.01,69.85
2023-07-25,15.03,12.67,18.22,3.07,72.01
2023-07-26,14.98,12.87,18.2,3.09,71.76
2023-07-27,14.7,13.5,18.13,3.17,70.42
2023-07-28,14.96,13.2,18.37,3.17,67.63
2023-07-31,14.86,13.47,18.51,3.35,69.16
2023-08-01,14.97,13.65,18.75,3.43,68.2
2023-08-02,15.05,13.65,18.67,3.33,67.09
2023-08-03,14.63,13.8,18.42,3.16,67.51
2023-08-04,14.71,13.69,17.5,3.06,67.56
2023-08-07,14.68,13.87,17.88,3.01,67.9
2023-08-08,14.5,14.12,18.03,2.99,67.46
2023-08-09,14.38,13.78,18.03,2.97,66.85
2023-08-10,14.37,13.8,18.03,2.85,66.06
2023-08-11,14.36,13.5,18.46,2.88,65.51
2023-08-14,14.33,13.15,18.22,2.84,61.9
2023-08-15,14.2,13.11,18.22,2.77,61.29
2023-08-16,14.18,13.0,18.21,2.97,61.05
2023-08-17,14.22,13.01,18.4,2.82,61.91
2023-08-18,14.36,13.43,18.69,3.0,61.22
2023-08-21,14.31,13.09,18.73,3.05,61.2
2023-08-22,14.42,12.97,19.13,3.04,62.58
2023-08-23,14.45,13.06,19.36,3.06,63.04
2023-08-24,14.19,12.84,18.7,3.02,62.2
2023-08-25,13.99,12.37,18.49,2.92,62.07
2023-08-28,14.21,12.15,19.02,2.93,62.96
2023-08-29,14.26,11.95,19.05,2.93,64.97
2023-08-30,14.18,11.81,19.32,2.92,64.98
2023-08-31,13.84,11.61,19.49,2.76,65.08
2023-09-01,13.87,11.86,19.8,2.86,68.89
2023-09-04,13.86,12.25,19.98,2.78,69.4
2023-09-05,14.01,12.77,19.44,2.69,69.1
2023-09-06,13.98,12.5,19.41,2.59,68.0
2023-09-07,,,,,
2023-09-08,13.7,12.23,18.44,2.51,66.71
2023-09-11,13.87,12.22,18.32,2.55,67.67
2023-09-12,13.71,12.87,18.11,2.62,67.62
2023-09-13,13.64,12.84,18.27,2.62,67.36
2023-09-14,13.53,12.62,17.79,2.58,70.12
2023-09-15,13.42,12.42,17.72,2.48,69.54
2023-09-18,13.39,12.26,17.95,2.58,68.72
2023-09-19,13.43,12.06,17.55,2.52,68.85
2023-09-20,13.47,12.14,17.92,2.52,69.31
2023-09-21,13.24,11.79,17.56,2.35,67.5
2023-09-22,13.12,11.46,17.55,2.24,68.0
2023-09-25,13.22,11.39,17.1,2.15,66.6
2023-09-26,13.04,11.29,17.12,2.1,65.56
2023-09-27,12.97,11.58,16.95,2.04,65.7
2023-09-28,12.98,12.2,17.15,2.05,66.7
2023-09-29,13.11,12.16,17.22,2.12,67.58
2023-10-02,13.09,12.0,17.15,2.01,66.99
2023-10-03,13.05,11.49,16.92,1.84,66.58
2023-10-04,13.21,11.63,16.71,1.89,65.87
2023-10-05,12.89,11.63,16.67,1.81,65.9
2023-10-06,13.19,11.75,16.72,1.78,66.86
2023-10-09,13.17,11.56,16.8,1.86,66.38
2023-10-10,13.25,12.11,17.39,1.99,66.78
2023-10-11,13.29,12.17,17.47,1.91,67.36
2023-10-12,,,,,
2023-10-13,12.98,11.62,17.01,1.82,66.59
2023-10-16,13.01,11.77,17.59,1.79,67.3
2023-10-17,12.8,11.57,17.69,1.69,67.85
2023-10-18,12.53,10.82,17.83,1.73,65.36
2023-10-19,12.52,10.99,17.83,1.61,64.42
2023-10-20,12.49,11.08,17.75,1.54,62.68
2023-10-23,12.48,11.52,17.9,1.51,62.56
2023-10-24,12.52,11.38,17.79,1.41,63.99
2023-10-25,12.44,11.03,17.65,1.44,63.93
2023-10-26,12.63,11.7,17.95,1.47,65.3
2023-10-27,12.29,11.13,17.37,1.46,67.57
2023-10-30,12.36,10.96,17.38,1.37,68.18
2023-10-31,12.86,10.94,17.59,1.33,69.0
2023-11-01,12.99,11.08,17.95,1.33,70.32
2023-11-02,,,,,
2023-11-03,13.29,11.94,18.66,1.49,71.2
2023-11-06,13.51,11.75,18.62,1.43,71.5
2023-11-07,13.57,12.2,18.35,1.77,70.08
2023-11-08,13.54,12.32,19.07,1.78,70.13
2023-11-09,13.41,12.5,18.85,1.71,70.47
2023-11-10,13.35,12.61,19.25,1.8,71.55
2023-11-13,13.43,12.54,19.03,1.73,71.4
2023-11-14,13.7,12.55,19.5,1.76,73.61
2023-11-15,,,,,
2023-11-16,13.67,13.34,19.68,2.19,74.1
2023-11-17,13.6,13.11,19.89,2.22,74.24
2023-11-20,13.6,12.89,19.97,2.28,76.06
2023-11-21,13.44,12.78,19.72,2.13,77.9
2023-11-22,13.57,12.97,20.1,2.08,74.85
2023-11-23,13.55,13.6,20.12,2.17,74.38
2023-11-24,13.39,13.15,20.02,1.99,73.75
2023-11-27,13.58,13.49,20.27,1.96,73.31
2023-11-28,13.65,13.52,19.92,1.91,73.47
2023-11-29,13.3,13.17,20.39,1.88,73.45
2023-11-30,13.69,12.93,21.5,2.02,73.85
2023-12-01,14.08,13.03,22.84,2.17,75.22
2023-12-04,14.06,12.68,23.0,2.0,73.53
2023-12-05,14.24,12.7,23.22,2.14,72.85
2023-12-06,13.99,12.25,23.2,2.17,72.37
2023-12-07,14.08,12.19,23.24,2.26,72.6
2023-12-08,14.31,11.98,23.14,2.13,72.8
2023-12-11,14.32,11.91,23.8,2.23,72.86
2023-12-12,14.23,12.07,23.89,2.28,72.99
2023-12-13,14.7,12.94,24.36,2.53,73.0
2023-12-14,14.5,13.36,23.9,2.43,73.4
2023-12-15,14.47,12.87,23.87,2.21,73.86
2023-12-18,14.55,13.21,23.38,2.18,74.21
2023-12-19,14.7,13.4,22.74,2.16,74.73
2023-12-20,13.74,13.36,22.47,2.1,74.49
2023-12-21,13.7,13.24,22.63,2.09,76.97
2023-12-22,13.71,13.41,22.74,2.12,76.39
2023-12-25,,,,,
2023-12-26,13.77,13.37,22.52,2.11,76.66
2023-12-27,13.84,13.48,22.66,2.25,77.4
2023-12-28,13.73,13.53,22.39,2.16,77.2
2023-12-29,,,,,
2024-01-01,,,,,
2024-01-02,13.71,13.02,22.02,2.05,77.05
2024-01-03,13.6,12.94,21.56,2.0,76.65
2024-01-04,13.65,13.21,21.15,1.93,75.62
2024-01-05,13.6,13.58,21.37,1.97,74.65
2024-01-08,13.71,14.17,21.68,2.09,74.27
2024-01-09,13.62,13.94,21.59,2.14,73.33
2024-01-10,13.76,13.58,22.32,2.18,72.23
2024-01-11,13.56,13.87,21.9,2.18,72.61
2024-01-12,13.59,14.25,21.7,2.26,71.69
2024-01-15,13.59,14.7,21.42,2.28,71.55
2024-01-16,13.35,14.48,21.35,2.18,70.62
2024-01-17,13.43,14.09,21.29,2.15,69.45
2024-01-18,13.34,13.79,21.07,2.0,69.0
2024-01-19,13.35,14.3,21.33,2.03,68.1
2024-01-22,13.36,13.61,21.75,1.95,67.8
2024-01-23,13.37,13.64,22.5,1.94,69.2
2024-01-24,13.2,13.35,22.73,1.92,69.9
2024-01-25,13.2,14.0,22.72,2.07,68.36
2024-01-26,13.2,13.8,22.4,2.08,69.5
2024-01-29,13.25,14.46,22.32,2.07,69.17
2024-01-30,13.04,14.05,22.87,1.98,68.78
2024-01-31,13.08,13.66,22.78,2.1,67.76
2024-02-01,13.07,13.58,22.47,2.06,67.45
2024-02-02,13.07,13.52,22.44,1.97,66.08
2024-02-05,13.09,13.42,22.7,1.95,65.51
2024-02-06,13.23,13.79,21.83,2.05,66.67
2024-02-07,13.0,13.81,21.69,2.08,66.8
2024-02-08,12.95,13.83,21.92,2.07,66.21
2024-02-09,12.95,13.35,22.56,2.08,65.92
2024-02-12,,,,,
2024-02-13,,,,,
2024-02-14,12.92,13.16,22.81,2.02,65.72
2024-02-15,12.85,13.39,22.7,2.06,65.51
2024-02-16,12.76,13.6,22.51,2.04,67.68
2024-02-19,12.81,13.54,22.68,2.09,67.49
2024-02-20,12.85,13.99,22.77,2.02,66.01
2024-02-21,12.9,14.32,22.5,1.96,66.51
2024-02-22,12.96,14.83,22.77,2.11,67.22
2024-02-23,12.89,14.72,22.73,2.15,67.38
2024-02-26,13.04,14.61,22.84,2.11,65.75
2024-02-27,13.31,14.71,23.45,2.2,67.48
2024-02-28,13.45,14.01,23.94,2.17,66.74
2024-02-29,12.58,14.2,24.43,2.13,66.99
2024-03-01,12.44,14.05,25.88,2.22,66.88
2024-03-04,12.48,14.03,27.0,2.13,66.73
2024-03-05,12.75,14.47,26.8,2.12,65.85
2024-03-06,12.69,14.42,26.76,2.06,66.75
2024-03-07,12.65,14.45,26.44,2.04,66.52
2024-03-08,12.84,14.41,26.84,2.05,66.01
2024-03-11,12.8,14.29,26.63,2.0,63.96
2024-03-12,12.84,14.72,26.48,2.02,60.84
2024-03-13,12.75,14.7,26.65,2.03,61.23
2024-03-14,12.8,14.54,29.37,2.01,60.45
2024-03-15,12.63,14.63,29.1,1.96,59.76
2024-03-18,12.63,14.46,29.63,2.1,60.9
2024-03-19,12.54,14.73,31.57,1.97,61.4
2024-03-20,12.54,14.93,31.68,2.05,61.81
2024-03-21,12.61,14.82,30.9,1.99,61.66
2024-03-22,12.41,14.37,33.35,1.92,60.95
2024-03-25,12.23,14.53,33.52,1.91,60.82
2024-03-26,12.41,14.45,33.3,1.78,60.05
2024-03-27,12.45,14.88,33.15,1.82,60.6
2024-03-28,12.49,14.71,33.31,1.8,60.83
2024-03-29,,,,,
2024-04-01,12.33,14.18,32.39,1.78,61.22
2024-04-02,12.27,14.02,32.75,1.74,61.94
2024-04-03,12.45,14.0,33.1,1.69,61.05
2024-04-04,12.47,13.82,32.58,1.77,60.37
2024-04-05,12.23,13.73,32.38,1.71,59.71
2024-04-08,12.17,14.12,32.49,1.78,62.97
2024-04-09,12.36,14.66,32.55,1.82,62.55
2024-04-10,12.1,14.24,32.84,1.77,61.6
2024-04-11,12.2,14.18,32.62,1.73,61.86
2024-04-12,12.12,13.98,31.76,1.66,61.63
2024-04-15,12.07,13.73,31.42,1.53,61.99
2024-04-16,11.94,13.0,31.76,1.52,61.44
2024-04-17,11.91,12.84,31.94,1.52,62.11
2024-04-18,11.96,13.18,31.83,1.5,62.34
2024-04-19,11.95,13.38,30.92,1.54,63.36
2024-04-22,11.95,13.56,31.36,1.53,63.33
2024-04-23,11.86,13.7,31.07,1.44,62.78
2024-04-24,12.04,13.77,31.31,1.43,63.56
2024-04-25,12.02,13.31,32.15,1.39,62.22
2024-04-26,12.01,13.32,33.2,1.43,62.74
2024-04-29,12.1,13.59,33.3,1.45,63.9
2024-04-30,12.15,13.12,33.35,1.36,63.29
2024-05-01,,,,,
2024-05-02,12.33,13.12,32.72,1.46,63.92
2024-05-03,12.37,13.53,34.25,1.57,63.99
2024-05-06,12.45,13.34,34.35,1.57,64.18
2024-05-07,12.6,13.55,33.66,1.61,64.58
2024-05-08,12.17,13.52,33.58,1.65,63.99
2024-05-09,12.05,13.45,33.99,1.67,64.51
2024-05-10,12.04,13.41,33.5,1.54,64.29
2024-05-13,12.06,13.34,34.27,1.58,64.67
2024-05-14,12.16,13.16,36.89,1.58,64.63
2024-05-15,12.31,13.42,38.97,1.61,64.44
2024-05-16,12.38,13.47,38.67,1.59,64.91
2024-05-17,12.38,13.63,39.56,1.59,66.18
2024-05-20,12.1,13.44,38.88,1.57,66.15
2024-05-21,12.02,13.46,39.5,1.55,65.96
2024-05-22,11.97,13.27,38.69,1.47,65.44
2024-05-23,11.96,13.18,37.97,1.42,65.05
2024-05-24,11.87,13.0,37.68,1.32,65.08
2024-05-27,11.81,12.96,38.15,13.15,65.3
2024-05-28,11.59,12.7,37.17,12.29,63.89
2024-05-29,11.52,12.46,36.65,12.08,63.24
2024-05-30,,,,,
2024-05-31,11.56,12.18,36.23,12.39,63.2
2024-06-03,11.55,12.29,36.73,12.68,61.87
2024-06-04,11.69,12.14,37.68,11.65,61.24
2024-06-05,11.57,12.08,36.6,12.19,60.37
2024-06-06,11.82,12.28,36.91,12.7,61.21
2024-06-07,11.56,12.0,38.4,11.74,60.41
2024-06-10,11.46,11.93,39.03,11.52,61.07
2024-06-11,11.4,12.0,38.81,12.44,60.98
2024-06-12,11.27,11.8,39.97,11.45,60.14
2024-06-13,11.09,11.57,39.44,11.22,60.83
2024-06-14,11.24,11.66,37.33,11.44,60.62
2024-06-17,11.24,11.26,37.68,10.99,60.38
2024-06-18,11.25,11.17,36.8,10.95,60.66
2024-06-19,11.2,11.05,37.21,11.08,60.85
2024-06-20,11.28,10.86,36.35,10.67,61.4
2024-06-21,11.28,10.79,37.87,10.83,60.83
2024-06-24,11.32,11.07,37.48,12.16,60.9
2024-06-25,11.38,10.89,37.75,11.8,60.65
2024-06-26,11.45,10.68,38.02,11.48,61.4
2024-06-27,11.46,10.83,38.22,12.21,61.56
2024-06-28,11.41,10.34,36.15,12.05,62.22
2024-07-01,11.45,10.0,36.7,12.14,63.14
2024-07-02,11.46,9.9,36.56,12.17,62.93
2024-07-03,11.38,10.5,37.5,12.58,64.18
2024-07-04,11.45,11.03,37.51,13.18,63.86
2024-07-05,11.32,11.45,35.82,13.69,63.6
2024-07-08,11.25,11.63,36.64,12.89,63.1
2024-07-09,11.25,11.48,38.8,13.51,63.02
2024-07-10,11.4,11.3,39.72,13.47,62.17
2024-07-11,11.53,11.25,40.5,13.71,62.01
2024-07-12,11.64,11.24,40.25,13.87,62.92
2024-07-15,11.64,11.13,40.93,14.33,62.99
2024-07-16,11.7,11.11,40.68,13.63,62.33
2024-07-17,11.82,10.75,40.45,13.46,61.75
2024-07-18,11.67,10.41,41.05,12.67,61.17
2024-07-19,11.73,10.54,41.52,12.57,61.12
2024-07-22,11.81,10.7,38.6,12.33,61.05
2024-07-23,11.78,10.48,41.87,12.18,60.23
2024-07-24,11.79,10.0,40.96,11.67,60.6
2024-07-25,11.85,9.9,40.64,11.6,60.57
2024-07-26,11.88,9.84,41.52,11.89,61.47
2024-07-29,11.82,9.55,41.1,11.2,61.58
2024-07-30,11.64,9.44,42.85,11.08,60.22
2024-07-31,11.58,9.82,43.81,11.07,61.63
2024-08-01,11.74,9.91,42.02,10.8,60.25
2024-08-02,11.87,10.2,39.25,11.57,59.41
2024-08-05,11.85,10.21,38.73,11.54,57.02
2024-08-06,12.01,9.95,38.4,11.3,57.31
2024-08-07,12.51,10.3,38.13,12.19,57.2
2024-08-08,12.36,10.45,41.94,12.54,56.85
2024-08-09,12.45,10.27,43.25,12.96,57.06
2024-08-12,12.39,10.25,43.5,12.95,56.77
2024-08-13,12.57,10.48,43.9,13.29,56.52
2024-08-14,12.56,10.67,43.94,12.74,56.0
2024-08-15,13.03,10.4,44.81,13.29,56.23
2024-08-16,13.01,10.25,44.44,12.58,56.08
2024-08-19,13.01,10.71,43.98,13.92,56.98
2024-08-20,12.94,10.22,44.56,13.8,57.2
2024-08-21,12.94,9.87,45.03,13.85,58.3
2024-08-22,13.0,9.75,46.0,13.18,58.38
2024-08-23,13.08,9.73,46.03,13.62,57.4
2024-08-26,13.08,9.66,46.27,13.35,58.05
2024-08-27,13.03,9.71,45.69,13.47,59.8
2024-08-28,12.95,9.62,46.57,13.18,59.37
2024-08-29,12.86,9.36,46.34,12.89,59.3
2024-08-30,12.86,9.57,46.83,12.16,59.58
2024-09-02,12.87,9.8,45.61,11.97,58.74
2024-09-03,12.8,10.0,46.42,11.68,56.55
2024-09-04,12.99,9.98,49.11,12.04,56.99
2024-09-05,12.97,9.59,49.79,12.3,57.4
2024-09-06,12.99,9.45,47.83,11.8,56.68
2024-09-09,13.11,9.25,48.04,11.52,56.68
2024-09-10,13.24,8.9,48.6,11.33,56.0
2024-09-11,13.04,9.16,49.8,11.27,57.59
2024-09-12,12.91,9.07,50.95,11.17,58.11
2024-09-13,12.73,8.8,51.93,11.6,58.5
2024-09-16,12.86,8.75,49.18,11.69,58.5
2024-09-17,12.96,8.82,48.39,11.88,58.22
2024-09-18,12.98,8.74,47.45,11.52,57.54
2024-09-19,12.95,8.24,47.49,11.16,58.23
2024-09-20,12.76,7.7,48.25,10.35,57.35
2024-09-23,12.75,7.86,49.31,10.02,57.53
2024-09-24,12.76,8.15,50.01,10.19,60.34
2024-09-25,12.68,7.78,50.16,10.0,60.61
2024-09-26,12.84,8.05,50.13,9.8,64.25
2024-09-27,12.92,8.12,48.27,10.0,63.96
2024-09-30,13.08,7.47,47.97,9.7,63.51
2024-10-01,13.6,7.12,47.13,9.72,63.82
2024-10-02,13.72,7.15,46.33,9.85,64.17
2024-10-03,13.4,6.74,45.18,9.73,62.94
2024-10-04,13.28,6.97,45.94,9.67,62.48
2024-10-07,13.17,6.77,45.86,9.51,63.03
2024-10-08,13.08,6.82,45.93,9.57,61.12
2024-10-09,13.08,6.5,45.98,9.24,60.96
2024-10-10,13.11,6.65,46.75,9.21,61.25
2024-10-11,12.88,6.72,45.37,9.45,62.13
2024-10-14,12.92,7.14,46.23,9.8,61.93
2024-10-15,12.88,7.01,45.69,9.7,61.17
2024-10-16,12.94,7.12,48.77,9.8,62.34
2024-10-17,12.86,7.06,48.1,9.57,60.76
2024-10-18,12.88,7.09,47.98,9.4,60.55
2024-10-21,12.83,7.23,49.98,9.67,60.33
2024-10-22,12.82,7.29,49.63,9.3,60.41
2024-10-23,12.75,7.27,49.15,9.15,59.35
2024-10-24,12.83,7.47,49.52,9.48,59.7
2024-10-25,12.75,7.27,49.56,9.13,61.73
2024-10-28,12.89,7.42,48.94,9.47,62.88
2024-10-29,12.98,7.55,50.12,9.23,62.66
2024-10-30,12.93,7.68,49.08,9.6,62.47
2024-10-31,12.64,7.49,48.48,9.46,62.06
2024-11-01,12.54,7.33,48.47,8.86,62.03
2024-11-04,12.67,7.72,48.8,9.78,62.67
2024-11-05,12.68,7.68,49.07,9.98,62.12
2024-11-06,12.5,7.56,50.55,9.73,61.42
2024-11-07,12.55,7.22,50.05,9.38,63.56
2024-11-08,12.33,7.01,53.79,9.6,60.63
2024-11-11,12.51,7.08,55.65,9.4,58.65
2024-11-12,12.58,7.21,54.13,9.23,57.32
2024-11-13,12.73,7.08,56.69,9.26,57.16
2024-11-14,12.64,7.06,55.42,9.0,56.84
2024-11-15,,,,,
2024-11-18,12.42,7.19,55.66,9.23,57.55
2024-11-19,12.43,6.97,54.44,9.38,57.68
2024-11-20,,,,,
2024-11-21,12.39,6.94,56.25,9.14,57.62
2024-11-22,12.68,7.2,56.9,9.42,58.18
2024-11-25,12.54,7.52,57.11,10.01,58.17
2024-11-26,12.61,7.89,58.49,10.64,57.43
2024-11-27,12.55,7.41,56.69,9.64,58.13
2024-11-28,12.4,6.77,56.66,8.99,57.53
2024-11-29,12.73,6.6,58.13,9.03,58.78
2024-12-02,13.25,6.5,57.61,9.2,58.92
2024-12-03,13.85,6.43,56.08,9.31,58.47
2024-12-04,13.93,6.56,56.17,9.24,57.33
2024-12-05,14.42,6.59,56.36,9.19,57.8
2024-12-06,14.22,6.16,57.32,8.54,56.81
2024-12-09,14.21,6.06,56.44,8.46,59.83
2024-12-10,14.27,6.34,55.85,8.72,59.77
2024-12-11,13.8,6.47,56.94,9.21,58.84
2024-12-12,13.1,6.06,55.24,8.38,56.71
2024-12-13,13.08,5.75,55.44,8.2,55.86
2024-12-16,12.84,5.4,55.65,7.76,55.83
2024-12-17,13.1,5.51,56.75,7.47,56.11
2024-12-18,12.76,5.14,55.18,6.72,54.81
2024-12-19,12.78,5.44,55.97,7.13,53.77
2024-12-20,12.23,5.77,54.96,7.3,54.62
2024-12-23,12.22,5.79,55.55,6.98,54.85
2024-12-24,,,,,
2024-12-25,,,,,
2024-12-26,12.14,5.91,56.24,6.53,55.01
2024-12-27,12.07,5.73,56.33,6.51,54.74
2024-12-30,11.74,5.63,56.19,6.5,54.55
2024-12-31,,,,,
2025-01-01,,,,,
2025-01-02,11.6,5.45,57.8,6.43,54.25
2025-01-03,11.33,5.42,57.03,6.26,53.24
2025-01-06,11.29,5.69,56.87,6.65,52.56
2025-01-07,11.54,5.8,58.05,6.6,52.05
2025-01-08,11.42,5.64,57.24,6.17,51.55
2025-01-09,11.4,5.66,57.35,6.01,51.23
2025-01-10,11.16,5.62,57.3,6.03,51.52
2025-01-13,11.24,5.52,56.55,5.81,51.51
2025-01-14,11.21,5.4,56.9,5.91,51.85
2025-01-15,11.39,5.74,58.06,6.37,52.6
2025-01-16,11.08,5.65,60.13,5.94,52.67
2025-01-17,11.09,5.82,59.88,6.06,54.49
2025-01-20,11.05,6.1,60.72,6.11,54.29
2025-01-21,11.25,6.12,62.46,6.16,54.02
2025-01-22,11.02,6.33,61.15,6.37,52.66
2025-01-23,11.05,6.2,61.73,6.29,52.32
2025-01-24,10.87,6.15,60.97,6.37,53.03
2025-01-27,11.12,6.62,59.16,7.01,53.96
2025-01-28,11.11,6.52,59.37,6.76,52.65
2025-01-29,10.97,6.5,59.19,6.59,52.8
2025-01-30,11.11,6.84,60.04,7.42,55.03
2025-01-31,11.1,6.74,59.7,7.46,54.17
2025-02-03,11.03,6.86,59.42,7.22,54.21
2025-02-04,10.9,6.76,57.46,7.24,54.02
2025-02-05,10.82,6.84,66.37,6.88,54.31
2025-02-06,10.86,6.98,64.5,7.39,55.13
2025-02-07,10.85,7.06,62.3,7.07,54.83
2025-02-10,10.97,7.0,60.97,7.26,55.4
2025-02-11,10.96,7.13,60.12,7.27,55.16
2025-02-12,10.92,7.13,59.5,7.09,54.79
2025-02-13,10.98,7.3,60.48,7.01,54.86
2025-02-14,11.13,7.48,60.35,7.38,55.67
2025-02-17,11.1,7.78,60.47,7.96,55.37
2025-02-18,11.09,7.33,60.48,7.68,55.74
2025-02-19,10.97,7.1,60.88,7.45,55.69
2025-02-20,11.04,6.98,61.23,7.37,57.74
2025-02-21,11.12,6.94,58.98,7.28,58.16
2025-02-24,11.03,6.8,59.89,6.87,57.63
2025-02-25,11.09,7.12,60.62,7.38,57.07
2025-02-26,11.7,7.04,61.45,7.36,56.72
2025-02-27,12.32,6.87,68.9,7.31,56.3
2025-02-28,12.22,6.67,69.72,7.15,55.15
2025-03-03,,,,,
2025-03-04,,,,,
2025-03-05,12.78,6.57,75.85,7.28,55.59
2025-03-06,12.85,6.44,74.72,7.11,56.2
2025-03-07,13.1,6.8,73.68,7.86,57.02
2025-03-10,13.12,7.07,74.25,8.25,53.99
2025-03-11,12.86,7.1,73.22,8.3,54.44
2025-03-12,13.03,7.14,72.96,8.58,53.76
2025-03-13,13.33,7.16,73.85,8.46,54.5
2025-03-14,13.64,7.55,74.88,9.6,56.29
2025-03-17,13.57,7.73,77.41,10.14,57.1
2025-03-18,13.55,7.55,78.03,10.03,57.52
2025-03-19,13.68,7.74,79.29,10.43,57.42
2025-03-20,13.6,7.65,73.96,10.37,57.24
2025-03-21,13.73,7.58,74.76,10.1,57.45
2025-03-24,13.54,7.51,71.25,10.21,57.15
2025-03-25,13.6,7.6,69.74,10.46,57.34
2025-03-26,13.38,8.0,69.33,10.49,57.69
2025-03-27,13.46,8.03,68.32,10.87,58.15
2025-03-28,13.43,7.88,66.36,10.56,57.56
2025-03-31,13.5,7.54,65.75,10.15,56.7
2025-04-01,13.61,7.96,65.74,10.45,57.19
2025-04-02,13.67,8.07,64.87,11.19,56.93
2025-04-03,13.85,8.44,63.36,11.8,54.87
2025-04-04,13.71,7.98,60.01,10.83,52.68
2025-04-07,13.18,8.01,60.11,10.14,52.05
2025-04-08,13.24,7.67,60.6,8.78,49.2
2025-04-09,13.67,8.2,62.45,9.77,51.85
2025-04-10,13.6,8.22,60.92,10.21,52.78
2025-04-11,13.48,8.3,60.71,10.47,53.66
2025-04-14,13.68,8.42,62.73,10.49,54.36
2025-04-15,13.66,8.29,64.65,10.45,53.81
2025-04-16,13.89,8.3,62.41,10.35,52.56
2025-04-17,14.0,8.26,63.15,10.2,52.88
2025-04-18,,,,,
2025-04-21,,,,,
2025-04-22,14.02,8.38,60.97,10.14,53.82
2025-04-23,14.05,8.7,63.12,9.54,54.46
2025-04-24,14.15,9.12,63.21,10.57,55.31
2025-04-25,14.09,9.24,63.52,10.45,53.85
2025-04-28,14.3,9.21,64.05,10.0,54.04
2025-04-29,14.51,9.1,64.07,9.98,53.84
2025-04-30,14.57,9.19,64.92,9.32,52.86
2025-05-01,,,,,
2025-05-02,14.12,9.17,66.12,9.33,52.8
2025-05-05,14.06,9.27,65.93,8.86,52.96
2025-05-06,14.21,9.03,66.46,8.74,53.0
2025-05-07,14.27,9.13,67.35,8.54,52.9
2025-05-08,14.37,9.4,69.46,9.02,52.74
2025-05-09,14.28,9.73,67.7,8.39,52.95
2025-05-12,14.29,9.59,68.11,8.78,54.28
2025-05-13,14.25,9.54,69.32,9.16,55.17
2025-05-14,14.23,9.42,69.57,9.35,54.9
2025-05-15,14.41,9.64,69.85,9.7,55.45
2025-05-16,14.39,9.93,68.75,9.78,55.49
2025-05-19,14.32,10.17,70.65,9.9,55.34
2025-05-20,14.29,9.86,68.78,9.6,55.35
2025-05-21,14.16,9.71,67.19,9.21,54.64
2025-05-22,14.1,10.24,67.03,9.47,54.23
2025-05-23,14.24,10.05,67.13,9.0,54.32
2025-05-26,14.26,10.65,67.0,9.04,54.01
2025-05-27,14.2,11.46,68.4,9.34,53.84
2025-05-28,14.1,11.49,66.9,9.55,53.41
2025-05-29,14.06,11.26,66.43,9.08,53.45
2025-05-30,14.03,11.22,65.49,9.22,52.1
2025-06-02,13.91,11.37,65.39,9.54,52.56
2025-06-03,14.01,11.86,64.81,10.25,52.53
2025-06-04,14.08,11.5,67.44,10.04,52.77
2025-06-05,13.87,11.55,66.7,10.06,52.91
2025-06-06,14.08,11.21,64.51,9.5,52.98
2025-06-09,13.96,11.12,67.5,9.48,53.29
2025-06-10,13.8,11.01,65.86,9.5,53.65
2025-06-11,13.91,11.22,66.03,9.54,53.18
2025-06-12,13.8,11.2,68.86,9.62,52.83
2025-06-13,13.64,10.91,66.44,8.94,52.13
2025-06-16,13.68,11.33,69.99,9.54,53.83
2025-06-17,13.47,11.1,70.1,9.33,51.41
2025-06-18,13.49,11.04,72.9,9.35,51.24
2025-06-19,,,,,
2025-06-20,13.53,10.78,72.53,8.85,49.92
2025-06-23,13.56,10.81,73.04,8.91,50.55
2025-06-24,13.51,10.99,73.19,9.1,50.54
2025-06-25,13.15,10.9,73.08,9.13,50.48
2025-06-26,13.32,11.01,74.01,9.42,52.0
2025-06-27,13.15,11.04,74.64,9.3,53.0
2025-06-30,13.32,11.26,77.01,9.85,52.65
2025-07-01,13.38,10.9,80.41,9.71,53.36
2025-07-02,13.65,10.08,79.62,9.07,55.3
2025-07-03,13.48,10.25,83.14,9.19,55.04
2025-07-04,13.52,10.3,83.49,9.25,55.2
2025-07-07,13.4,10.34,81.73,9.11,54.39
2025-07-08,13.38,10.48,81.15,8.9,54.58
2025-07-09,13.31,10.37,78.21,8.55,54.04
2025-07-10,13.23,10.21,75.32,8.34,55.28
2025-07-11,13.3,9.98,74.3,8.04,56.0
2025-07-14,13.29,9.9,73.64,7.95,55.36
2025-07-15,13.27,10.18,74.06,8.05,53.91
2025-07-16,13.68,10.21,71.2,8.11,54.4
2025-07-17,13.46,10.06,71.11,8.2,54.3
2025-07-18,13.32,9.72,68.3,7.88,54.56
2025-07-21,13.42,9.73,68.12,7.6,56.05
2025-07-22,13.4,9.63,67.66,7.5,57.5
2025-07-23,13.59,9.68,68.46,7.8,57.42
2025-07-24,13.5,9.56,65.8,7.54,56.53
2025-07-25,13.47,9.7,66.21,7.5,55.7
2025-07-28,13.06,9.53,66.25,7.18,55.16
2025-07-29,13.19,9.56,68.74,6.98,54.82
2025-07-30,13.15,9.76,76.25,7.34,53.84
2025-07-31,12.46,9.41,80.66,7.06,53.46
2025-08-01,12.29,9.7,79.05,7.22,53.75
2025-08-04,12.41,9.86,80.0,7.18,54.18
2025-08-05,12.36,9.61,78.62,7.2,54.11
2025-08-06,12.48,10.15,77.88,7.34,53.77
2025-08-07,12.54,10.06,78.4,7.42,54.11
2025-08-08,12.37,9.85,79.12,7.04,55.39
2025-08-11,12.31,9.75,78.49,7.02,55.33
2025-08-12,12.23,10.45,79.25,7.03,55.91
2025-08-13,12.12,9.93,79.21,6.73,54.09
2025-08-14,12.02,10.05,80.69,6.68,53.42
2025-08-15,12.04,10.04,77.29,6.62,53.32
2025-08-18,12.07,10.29,78.41,6.91,53.2
2025-08-19,12.07,9.88,77.0,6.86,53.24
2025-08-20,12.1,9.88,76.1,6.68,53.0
2025-08-21,12.06,9.82,76.98,6.68,53.45
2025-08-22,12.21,10.1,77.6,6.9,54.79
2025-08-25,12.12,10.03,75.73,7.12,54.92
2025-08-26,12.18,9.95,76.48,7.0,55.41
2025-08-27,12.15,10.04,75.6,7.18,55.38
2025-08-28,12.25,10.47,76.21,7.84,55.4
2025-08-29,12.35,10.52,76.2,8.19,55.56
2025-09-01,12.3,10.44,76.54,8.28,55.6
2025-09-02,12.16,10.21,78.2,8.15,55.39
2025-09-03,11.9,10.07,77.52,8.22,55.6
2025-09-04,12.16,10.18,79.61,8.65,55.71
2025-09-05,12.25,10.5,82.04,9.27,56.22
2025-09-08,12.14,10.11,80.98,8.91,56.36
2025-09-09,12.33,9.94,81.49,8.92,56.19
2025-09-10,12.36,9.94,80.19,9.25,56.58
2025-09-11,12.52,9.91,79.3,10.0,57.02
2025-09-12,12.58,9.88,76.72,9.85,57.0
2025-09-15,12.63,10.13,75.88,10.58,57.5
2025-09-16,12.71,10.11,75.85,10.74,57.7
2025-09-17,12.79,10.57,75.39,11.31,57.8
2025-09-18,12.52,10.28,76.16,11.23,57.69
2025-09-19,12.55,10.12,76.75,11.11,57.92
2025-09-22,12.36,9.8,80.3,10.84,58.0
2025-09-23,12.46,9.83,79.65,11.0,57.67
2025-09-24,12.38,9.69,80.1,10.88,57.89
2025-09-25,12.46,9.17,80.0,11.02,58.21
2025-09-26,12.46,9.35,80.8,11.19,57.09
2025-09-29,12.41,9.44,79.03,10.62,57.28
2025-09-30,12.09,9.51,80.29,9.6,57.58
2025-10-01,11.99,9.42,80.39,9.6,58.31
2025-10-02,11.93,9.26,75.71,9.16,58.7
2025-10-03,11.87,9.06,76.7,9.15,58.59
2025-10-06,11.85,8.98,77.91,8.96,59.59
2025-10-07,11.71,8.73,77.03,8.98,58.75
2025-10-08,11.88,8.65,77.74,9.09,59.2
2025-10-09,11.72,8.37,77.37,8.97,59.11
2025-10-10,11.81,8.22,77.2,8.81,58.87
2025-10-13,11.86,8.05,78.8,8.6,59.75
2025-10-14,12.05,8.19,82.65,8.78,59.75
2025-10-15,11.99,8.68,80.63,8.91,60.86
2025-10-16,12.15,8.37,80.7,8.2,60.3
2025-10-17,12.37,8.42,80.61,8.4,60.13
2025-10-20,12.36,8.42,81.49,8.34,60.9
2025-10-21,12.22,8.47,85.66,8.36,60.8
2025-10-22,12.07,7.87,84.74,8.34,61.88
2025-10-23,12.12,8.12,85.99,7.87,61.76
2025-10-24,12.11,8.23,86.38,8.08,61.73
2025-10-27,12.15,8.41,86.68,8.52,61.66
2025-10-28,12.03,8.43,89.37,8.66,62.2
2025-10-29,12.03,8.5,88.01,8.53,63.33
2025-10-30,12.59,8.56,87.89,8.5,63.81
2025-10-31,12.71,8.6,86.99,8.47,65.26
2025-11-03,12.91,8.53,87.27,8.34,65.35
2025-11-04,13.16,8.48,84.13,8.38,64.62
2025-11-05,13.18,8.95,87.21,8.74,65.73
2025-11-06,13.08,8.77,85.24,7.99,65.5
2025-11-07,13.12,9.07,86.3,8.14,64.78
2025-11-10,13.18,9.14,86.5,8.42,65.21
2025-11-11,13.59,9.64,86.86,9.09,65.04
2025-11-12,13.62,9.67,84.4,9.15,65.76
2025-11-13,13.63,9.52,83.48,9.06,65.67
2025-11-14,13.69,9.49,83.3,9.59,65.27
2025-11-17,13.76,9.74,84.09,9.13,65.22
2025-11-18,13.74,9.52,84.4,9.47,65.02
2025-11-19,13.41,9.23,86.4,9.33,64.95
2025-11-20,,,,,
2025-11-21,13.62,9.01,82.65,9.63,65.16
2025-11-24,13.77,9.36,82.52,9.9,65.09
2025-11-25,13.74,9.4,82.25,10.26,65.6
2025-11-26,13.67,10.0,83.21,10.11,66.58
2025-11-27,13.72,10.06,83.44,10.12,66.33
2025-11-28,13.86,9.45,84.04,10.28,67.4
2025-12-01,14.01,9.25,82.67,10.34,67.92
2025-12-02,14.0,9.37,84.73,10.59,68.48
2025-12-03,14.15,9.13,86.46,11.24,70.69
2025-12-04,13.95,9.49,84.79,11.65,71.92
2025-12-05,13.61,8.57,84.37,10.51,70.22
2025-12-08,13.62,8.19,86.14,10.54,69.74
2025-12-09,13.64,8.14,88.72,10.02,69.78
2025-12-10,13.6,8.01,89.35,9.99,71.06
2025-12-11,13.78,7.87,87.07,9.58,72.0
2025-12-12,14.04,8.2,87.56,9.87,68.61
2025-12-15,14.28,7.99,87.63,9.84,69.03
2025-12-16,14.16,7.68,87.98,9.5,69.29
2025-12-17,14.02,7.39,85.7,9.2,70.17
2025-12-18,13.92,7.2,86.8,9.35,70.35
2025-12-19,13.28,7.23,88.02,9.25,70.85
2025-12-22,13.12,7.1,89.5,8.99,72.92
2025-12-23,13.47,7.22,89.9,9.29,72.9
2025-12-24,,,,,
2025-12-25,,,,,
2025-12-26,13.72,7.26,89.2,9.25,73.12
2025-12-29,13.87,7.24,89.9,9.35,72.12
2025-12-30,13.86,7.28,88.6,8.94,71.96
2025-12-31,,,,,
2026-01-01,,,,,
2026-01-02,13.65,7.28,88.59,8.83,72.38
2026-01-05,13.71,7.47,92.89,8.95,73.12
2026-01-06,13.7,7.89,93.08,9.15,75.87
2026-01-07,13.7,7.31,93.91,9.29,76.32
2026-01-08,13.64,7.35,94.84,9.22,75.58
2026-01-09,13.9,7.04,95.85,8.88,74.72
2026-01-12,13.9,7.36,97.93,8.58,74.74
2026-01-13,13.91,7.25,97.09,8.2,75.35
2026-01-14,14.2,7.35,96.28,8.4,78.92
2026-01-15,14.04,7.29,98.97,8.74,78.85
2026-01-16,14.1,7.45,99.3,8.46,78.88
2026-01-19,14.09,7.45,99.33,8.36,78.57
2026-01-20,14.07,7.48,98.61,8.4,80.08
2026-01-21,14.31,7.72,99.69,8.81,82.5
2026-01-22,14.59,8.0,102.96,8.96,82.98
2026-01-23,14.9,8.05,103.96,9.37,85.02
2026-01-26,15.05,8.23,102.4,9.47,83.07
2026-01-27,14.87,8.68,103.42,9.64,84.9
2026-01-28,14.95,8.95,99.77,10.08,86.97
2026-01-29,14.76,8.67,97.36,9.72,87.41
2026-01-30,14.85,8.57,96.95,9.79,84.32
2026-02-02,15.06,8.67,97.24,9.83,84.82
2026-02-03,15.38,8.85,95.75,10.12,88.99
2026-02-04,15.3,8.59,92.17,9.73,89.43
2026-02-05,15.48,8.7,91.8,9.65,86.45
2026-02-06,15.42,8.78,91.75,10.2,85.63
2026-02-09,15.39,8.78,94.01,10.97,87.31
2026-02-10,15.66,8.9,93.93,10.6,87.05
2026-02-11,15.77,9.23,93.37,11.1,90.09
2026-02-12,16.52,9.7,93.4,10.15,89.23
2026-02-13,16.35,9.9,92.84,10.23,87.03
2026-02-16,,,,,
2026-02-17,,,,,
2026-02-18,16.13,9.64,94.33,10.28,83.92
2026-02-19,16.17,9.46,94.63,10.58,84.09
2026-02-20,16.03,9.5,95.71,10.8,86.81
2026-02-23,16.19,9.27,93.54,10.37,87.39
2026-02-24,16.58,9.79,94.3,10.13,87.73
2026-02-25,16.44,9.36,92.48,9.49,89.97
2026-02-26,16.41,9.45,94.36,9.58,89.21
2026-02-27,16.27,9.34,92.42,9.35,88.47
2026-03-02,15.91,9.25,92.9,9.19,88.16
2026-03-03,15.57,8.65,91.71,9.0,84.48
2026-03-04,15.6,8.36,92.44,9.53,84.09
2026-03-05,15.29,8.17,87.16,9.16,81.29
2026-03-06,15.23,8.19,80.14,9.33,78.86
2026-03-09,15.41,8.25,82.35,9.52,79.26
2026-03-10,15.45,8.37,84.61,10.14,80.56
2026-03-11,15.43,8.28,83.98,10.04,79.85
2026-03-12,14.95,7.81,74.73,9.4,79.24
2026-03-13,15.0,7.72,73.86,9.34,78.3
2026-03-16,15.1,7.81,76.96,9.84,78.84
2026-03-17,15.02,7.95,76.5,9.04,78.96
2026-03-18,14.74,7.75,76.27,8.85,77.13
2026-03-19,14.77,7.73,75.83,8.77,76.63
2026-03-20,14.47,7.36,72.33,8.34,75.55
2026-03-23,14.66,8.02,77.36,8.76,77.49
2026-03-24,14.7,7.93,75.94,8.69,78.1
2026-03-25,15.01,8.21,77.17,8.89,79.55
2026-03-26,14.83,8.21,74.99,8.44,78.91
2026-03-27,14.76,8.69,73.4,8.09,79.0
2026-03-30,14.84,8.81,73.24,8.0,79.5
2026-03-31,15.25,9.48,76.95,8.77,82.48
2026-04-01,15.36,9.3,80.6,8.84,83.0
2026-04-02,15.28,9.13,80.97,8.75,83.55
